First Name,Last Name,Phone Number,Email,Password,Username
Imtiaz,Hussain,03524892192,imtiazhussain@gmail.com,1234,imtiazhussain
Zubair,Ahmed,03487395333,zubairahmed@gmail.com,1234,zubairahmed
Fariha,Khan,03435581265,farihakhan@gmail.com,1234,farihakhan
Rizwan,Malik,03445407372,rizwanmalik@gmail.com,1234,rizwanmalik
Ayesha,Bibi,03878965522,ayeshabibi@gmail.com,1234,ayeshabibi
Jawad,Iqbal,03417433268,jawadiqbal@gmail.com,1234,jawadiqbal
Bushra,Haider,03297834213,bushrahaider@gmail.com,1234,bushrahaider
Arslan,Raza,03668171163,arslanraza@gmail.com,1234,arslanraza
Saba,Rehman,03764955864,sabarehman@gmail.com,1234,sabarehman
Kashif,Ali,03002243734,kashifali@gmail.com,1234,kashifali
Nazia,Khan,03913575130,naziakhan@gmail.com,1234,naziakhan
Usman,Abbas,03715392344,usmanabbas@gmail.com,1234,usmanabbas
Sadia,Ahmed,03021940446,sadiaahmed@gmail.com,1234,sadiaahmed
Ahmed,Rafique,03740240482,ahmedrafique@gmail.com,1234,ahmedrafique
Amina,Saeed,03848798224,aminasaeed@gmail.com,1234,aminasaeed
Junaid,Khan,03154608345,junaidkhan@gmail.com,1234,junaidkhan
Shabana,Nawaz,03880039096,shabanawnawaz@gmail.com,1234,shabanawnawaz
Hamza,Ahmed,03206456889,hamzaahmed@gmail.com,1234,hamzaahmed
Nadia,Ali,03874737231,nadiaali@gmail.com,1234,nadiaali
Shoaib,Malik,03455343293,shoaibmalik@gmail.com,1234,shoaibmalik
Saima,Aslam,03583959030,saimaaslam@gmail.com,1234,saimaaslam
Asad,Iqbal,03844452115,asadiqbal@gmail.com,1234,asadiqbal
Mariam,Khan,03664423778,mariamkhan@gmail.com,1234,mariamkhan
Kamran,Ali,03346577783,kamranali@gmail.com,1234,kamranali
Zainab,Malik,03981468413,zainabmalik@gmail.com,1234,zainabmalik
Ahmed,Riaz,03449629581,ahmedriaz@gmail.com,1234,ahmedriaz
Ayesha,Khan,03201331977,ayeshakhan@gmail.com,1234,ayeshakhan
Sana,Iqbal,03523583154,sanaiqbal@gmail.com,1234,sanaiqbal
Bilal,Ahmed,03682137894,bilalahmed@gmail.com,1234,bilalahmed
Khadija,Khan,03489066461,khadijakhan@gmail.com,1234,khadijakhan
Ali,Hussain,03758052422,alihussain@gmail.com,1234,alihussain
Rabia,Ahmed,03726986726,rabiaahmed@gmail.com,1234,rabiaahmed
Khalid,Khan,03643313924,khalidkhan@gmail.com,1234,khalidkhan
Amina,Nawaz,03071112226,aminanawaz@gmail.com,1234,aminanawaz
Hamza,Iqbal,03405692226,hamzaiqbal@gmail.com,1234,hamzaiqbal
Sadia,Ali,03736006097,sadiaali@gmail.com,1234,sadiaali
Sara,Khan,03226979934,sarakhan@gmail.com,1234,sarakhan
Adnan,Ahmed,03201218682,adnanahmed@gmail.com,1234,adnanahmed
Nazia,Riaz,03182297367,naziariaz@gmail.com,1234,naziariaz
Zahid,Malik,03572168145,zahidmalik@gmail.com,1234,zahidmalik
Nadia,Iqbal,03005907165,nadiaiqbal@gmail.com,1234,nadiaiqbal
Asim,Ahmed,03554872697,asimahmed@gmail.com,1234,asimahmed
Maryam,Riaz,03037265423,maryamriaz@gmail.com,1234,maryamriaz
Hassan,Khan,03922245322,hassankhan@gmail.com,1234,hassankhan
Ayesha,Malik,03168032514,ayeshamalik@gmail.com,1234,ayeshamalik
Arslan,Iqbal,03701211162,arslaniqbal@gmail.com,1234,arslaniqbal
Sadia,Hussain,03022506570,sadiahussain@gmail.com,1234,sadiahussain
Ahmed,Ali,03940664647,ahmedali@gmail.com,1234,ahmedali
Nida,Khan,03136853521,nidakhan@gmail.com,1234,nidakhan
Tariq,Hussain,03462265843,tariqhussain@gmail.com,1234,tariqhussain
Zara,Ahmed,03355348720,zaraahmed@gmail.com,1234,zaraahmed
Amina,Iqbal,03622913304,aminaiqbal@gmail.com,1234,aminaiqbal
Sadia,Khan,03518875789,sadiakhan@gmail.com,1234,sadiakhan
Ahmed,Haider,03204344172,ahmedhaider@gmail.com,1234,ahmedhaider
Bushra,Malik,03717739069,bushramalik@gmail.com,1234,bushramalik
Ayesha,Ahmed,03912506693,ayeshaahmed@gmail.com,1234,ayeshaahmed
Muneeb,Khan,03186163057,muneebkhan@gmail.com,1234,muneebkhan
Nadia,Malik,03531994508,nadiamalik@gmail.com,1234,nadiamalik
Saba,Hussain,03868667282,sabahussain@gmail.com,1234,sabahussain
Ali,Khan,03051739117,alikhan@gmail.com,1234,alikhan
Nida,Ahmed,03109612313,nidaahmed@gmail.com,1234,nidaahmed
Nadia,Hussain,03904736822,nadiahussain@gmail.com,1234,nadiahussain
Amina,Malik,03267069157,aminamalik@gmail.com,1234,aminamalik
Zahid,Ahmed,03214949283,zahidahmed@gmail.com,1234,zahidahmed
Hassan,Ahmed,03218725186,hassanahmed@gmail.com,1234,hassanahmed
Nazia,Malik,03435073062,naziamalik@gmail.com,1234,naziamalik
Zahid,Khan,03456792514,zahidkhan@gmail.com,1234,zahidkhan
Ayesha,Ali,03357471783,ayeshaali@gmail.com,1234,ayeshaali
Sadia,Iqbal,03196878278,sadiaiqbal@gmail.com,1234,sadiaiqbal
Ahmed,Khan,03906342765,ahmedkhan@gmail.com,1234,ahmedkhan
Saba,Malik,03186944213,sabamalik@gmail.com,1234,sabamalik
Zahid,Iqbal,03229284947,zahidiqbal@gmail.com,1234,zahidiqbal
Zahid,Ali,03059858557,zahidali@gmail.com,1234,zahidali
Sana,Malik,03284008446,sanamalik@gmail.com,1234,sanamalik
Ahmed,Iqbal,03795967210,ahmediqbal@gmail.com,1234,ahmediqbal
Zahra,Ahmed,03927242235,zahraahmed@gmail.com,1234,zahraahmed
Zainab,Ali,03183723563,zainabali@gmail.com,1234,zainabali
Nazia,Ahmed,03615002503,naziaahmed@gmail.com,1234,naziaahmed
Saba,Ali,03410770706,sabaali@gmail.com,1234,sabaali
Zainab,Ahmed,03660758321,zainabahmed@gmail.com,1234,zainabahmed
Ayesha,Iqbal,03882022422,ayeshaiqbal@gmail.com,1234,ayeshaiqbal
Sana,Ahmed,03498185535,sanaahmed@gmail.com,1234,sanaahmed
Muhammad,Khan,03685530767,muhammadkhan@gmail.com,1234,muhammadkhan
Fatima,Ahmed,03700473042,fatimaahmed@gmail.com,1234,fatimaahmed
Ali,Iqbal,03754928919,aliqbal@gmail.com,1234,aliqbal
Aisha,Khan,03151090905,aishakhan@gmail.com,1234,aishakhan
Yousuf,Ali,03214561807,yousufali@gmail.com,1234,yousufali
Muhammad,Ahmed,03688550668,muhammad.ahmed@gmail.com,1234,muhammadahmed
Fatima,Khan,03254978264,fatima.khan@gmail.com,1234,fatimakhan
Zainab,Hussain,03729705664,zainab.hussain@gmail.com,1234,zainabhussain
Bilal,Khan,03840661745,bilal.khan@gmail.com,1234,bilalkhan
Usman,Khan,03719606880,usman.khan@gmail.com,1234,usmankhan
Noor,Khan,03775787284,noor.khan@gmail.com,1234,noorkhan
Khadija,Ahmed,03432071242,khadija.ahmed@gmail.com,1234,khadijaahmed
Ibrahim,Ali,03526273857,ibrahim.ali@gmail.com,1234,ibrahimali
Ali,Ahmed,03775805981,ali.ahmed@gmail.com,1234,aliahmed
Zoya,Malik,03726282899,zoya.malik@gmail.com,1234,zoyamalik
Saba,Khan,03902260541,saba.khan@gmail.com,1234,sabakhan
Ahmed,Malik,03123318287,ahmed.malik@gmail.com,1234,ahmedmalik
Maryam,Ahmed,03203575677,maryam.ahmed@gmail.com,1234,maryamahmed
Mustafa,Ali,03111254205,mustafa.ali@gmail.com,1234,mustafaali
Ahmed,Hussain,03938090866,ahmed.hussain@gmail.com,1234,ahmedhussain
Zara,Ali,03787679386,zara.ali@gmail.com,1234,zaraali
Abdullah,Ahmed,03870064402,abdullah.ahmed@gmail.com,1234,abdullahahmed
Hassan,Malik,03420299974,hassan.malik@gmail.com,1234,hassanmalik
Zain,Khan,03040298422,zain.khan@gmail.com,1234,zainkhan
Fatima,Ali,03105998664,fatima.ali@gmail.com,1234,fatimaali
Zoya,Ahmed,03214789068,zoya.ahmed@gmail.com,1234,zoyaahmed
Usman,Malik,03432155009,usman.malik@gmail.com,1234,usmanmalik
Noor,Ahmed,03840522170,noor.ahmed@gmail.com,1234,noorahmed
Maryam,Khan,03169958612,maryam.khan@gmail.com,1234,maryamkhan
Abdullah,Malik,03958807629,abdullah.malik@gmail.com,1234,abdullahmalik
Mustafa,Khan,03710564106,mustafa.khan@gmail.com,1234,mustafakhan
Aisha,Malik,03205713124,aisha.malik@gmail.com,1234,aishamalik
Zain,Ahmed,03873548379,zain.ahmed@gmail.com,1234,zainahmed
Zoya,Hussain,03880823615,zoya.hussain@gmail.com,1234,zoyahussain
Fatima,Hussain,03954211281,fatima.hussain@gmail.com,1234,fatimahussain
Aisha,Khan,03072611351,aisha.khan1@gmail.com,1234,aishakhan1
Ahmed,Ali,03500530769,ahmed.ali1@gmail.com,1234,ahmedali1
Zoya,Hussain,03698214559,zoya.hussain1@gmail.com,1234,zoyahussain1
Bilal,Khan,03517263529,bilal.khan1@gmail.com,1234,bilalkhan1
Sana,Ahmed,03946185675,sana.ahmed1@gmail.com,1234,sanaahmed1
Usman,Khan,03772321068,usman.khan1@gmail.com,1234,usmankhan1
Ayesha,Malik,03179501266,ayesha.malik1@gmail.com,1234,ayeshamalik1
Hassan,Ahmed,03528041722,hassan.ahmed1@gmail.com,1234,hassanahmed1
Noor,Khan,03641421137,noor.khan1@gmail.com,1234,noorkhan1
Khadija,Ahmed,03870339370,khadija.ahmed1@gmail.com,1234,khadijaahmed1
Ibrahim,Ali,03430122718,ibrahim.ali1@gmail.com,1234,ibrahimali1
Sadia,Khan,03477968449,sadia.khan1@gmail.com,1234,sadiakhan1
Ali,Ahmed,03500832287,ali.ahmed1@gmail.com,1234,aliahmed1
Zoya,Malik,03179443089,zoya.malik1@gmail.com,1234,zoyamalik1
Hamza,Ahmed,03355458418,hamza.ahmed1@gmail.com,1234,hamzaahmed1
Saba,Khan,03076855923,saba.khan1@gmail.com,1234,sabakhan1
Ahmed,Malik,03943349132,ahmed.malik1@gmail.com,1234,ahmedmalik1
Maryam,Ahmed,03358164660,maryam.ahmed1@gmail.com,1234,maryamahmed1
Mustafa,Ali,03336991950,mustafa.ali1@gmail.com,1234,mustafaali1
Aisha,Khan,03853717548,aisha.khan2@gmail.com,1234,aishakhan2
Ahmed,Hussain,03166807788,ahmed.hussain1@gmail.com,1234,ahmedhussain1
Zara,Ali,03503937051,zara.ali1@gmail.com,1234,zaraali1
Abdullah,Ahmed,03389994452,abdullah.ahmed1@gmail.com,1234,abdullahahmed1
Sadia,Khan,03536105507,sadia.khan2@gmail.com,1234,sadiakhan2
Hassan,Malik,03310913394,hassan.malik1@gmail.com,1234,hassanmalik1
Ayesha,Ahmed,03095222959,ayesha.ahmed2@gmail.com,1234,ayeshaahmed2
Zain,Khan,03157474755,zain.khan1@gmail.com,1234,zainkhan1
Fatima,Ali,03565237988,fatima.ali1@gmail.com,1234,fatimaali1
Ahmed,Khan,03372066166,ahmed.khan1@gmail.com,1234,ahmedkhan1
Zoya,Ahmed,03491111325,zoya.ahmed2@gmail.com,1234,zoyaahmed2
Usman,Malik,03077113700,usman.malik1@gmail.com,1234,usmanmalik1
Noor,Ahmed,03692597963,noor.ahmed1@gmail.com,1234,noorahmed1
Aisha,Khan,03649363699,aisha.khan3@gmail.com,1234,aishakhan3
Saba,Ali,03750024106,saba.ali1@gmail.com,1234,sabaali1
Maryam,Khan,03954924814,maryam.khan1@gmail.com,1234,maryamkhan1
Abdullah,Malik,03488433366,abdullah.malik1@gmail.com,1234,abdullahmalik1
Zara,Ahmed,03129428212,zara.ahmed2@gmail.com,1234,zaraahmed2
Mustafa,Khan,03220089342,mustafa.khan1@gmail.com,1234,mustafakhan1
Aisha,Malik,03942317808,aisha.malik2@gmail.com,1234,aishamalik2
Zain,Ahmed,03562507605,zain.ahmed3@gmail.com,1234,zainahmed3
Fatima,Khan,03671347362,fatima.khan2@gmail.com,1234,fatimakhan2
Ahmed,Ali,03450906520,ahmed.ali2@gmail.com,1234,ahmedali2
Zoya,Hussain,03451126417,zoya.hussain2@gmail.com,1234,zoyahussain2
Bilal,Khan,03470508583,bilal.khan2@gmail.com,1234,bilalkhan2
Sana,Ahmed,03298555276,sana.ahmed2@gmail.com,1234,sanaahmed2
Usman,Khan,03501509144,usman.khan2@gmail.com,1234,usmankhan2
Ayesha,Malik,03781148599,ayesha.malik2@gmail.com,1234,ayeshamalik2
Hassan,Ahmed,03550074308,hassan.ahmed2@gmail.com,1234,hassanahmed2
Noor,Khan,03068307363,noor.khan2@gmail.com,1234,noorkhan2
Khadija,Ahmed,03511390522,khadija.ahmed2@gmail.com,1234,khadijaahmed2
Ibrahim,Ali,03393056494,ibrahim.ali2@gmail.com,1234,ibrahimali2
Sadia,Khan,03396917641,sadia.khan3@gmail.com,1234,sadiakhan3
Ali,Ahmed,03808719634,ali.ahmed2@gmail.com,1234,aliahmed2
Zoya,Malik,03146334390,zoya.malik2@gmail.com,1234,zoyamalik2
Hamza,Ahmed,03697114909,hamza.ahmed2@gmail.com,1234,hamzaahmed2
Saba,Khan,03050115841,saba.khan2@gmail.com,1234,sabakhan2
Ahmed,Malik,03221774656,ahmed.malik2@gmail.com,1234,ahmedmalik2
Maryam,Ahmed,03058430354,maryam.ahmed2@gmail.com,1234,maryamahmed2
Mustafa,Ali,03196339367,mustafa.ali2@gmail.com,1234,mustafaali2
Aisha,Khan,03380032682,aisha.khan4@gmail.com,1234,aishakhan4
Ahmed,Hussain,03674393474,ahmed.hussain2@gmail.com,1234,ahmedhussain2
Zara,Ali,03036317322,zara.ali2@gmail.com,1234,zaraali2
Abdullah,Ahmed,03293308583,abdullah.ahmed2@gmail.com,1234,abdullahahmed2
Sadia,Khan,03754437376,sadia.khan4@gmail.com,1234,sadiakhan4
Hassan,Malik,03326441200,hassan.malik2@gmail.com,1234,hassanmalik2
Ayesha,Ahmed,03644602287,ayesha.ahmed3@gmail.com,1234,ayeshaahmed3
Zain,Khan,03117549856,zain.khan2@gmail.com,1234,zainkhan2
Fatima,Ali,03603328754,fatima.ali2@gmail.com,1234,fatimaali2
Ahmed,Khan,03524315804,ahmed.khan2@gmail.com,1234,ahmedkhan2
Zoya,Ahmed,03974951701,zoya.ahmed3@gmail.com,1234,zoyaahmed3
Usman,Malik,03038769832,usman.malik2@gmail.com,1234,usmanmalik2
Noor,Ahmed,03166975198,noor.ahmed2@gmail.com,1234,noorahmed2
Aisha,Khan,03175833211,aisha.khan5@gmail.com,1234,aishakhan5
Saba,Ali,03960804929,saba.ali2@gmail.com,1234,sabaali2
Maryam,Khan,03189447642,maryam.khan2@gmail.com,1234,maryamkhan2
Abdullah,Malik,03802359325,abdullah.malik2@gmail.com,1234,abdullahmalik2
Zara,Ahmed,03154265646,zara.ahmed3@gmail.com,1234,zaraahmed3
Mustafa,Khan,03202487643,mustafa.khan2@gmail.com,1234,mustafakhan2
Aisha,Malik,03071447743,aisha.malik3@gmail.com,1234,aishamalik3
Zain,Ahmed,03095369298,zain.ahmed4@gmail.com,1234,zainahmed4
Fatima,Khan,03975774873,fatima.khan3@gmail.com,1234,fatimakhan3
Ahmed,Ali,03473829446,ahmed.ali3@gmail.com,1234,ahmedali3
Zoya,Hussain,03335297919,zoya.hussain3@gmail.com,1234,zoyahussain3
Bilal,Khan,03372770536,bilal.khan3@gmail.com,1234,bilalkhan3
Sana,Ahmed,03016077606,sana.ahmed3@gmail.com,1234,sanaahmed3
Usman,Khan,03979948696,usman.khan3@gmail.com,1234,usmankhan3
Ayesha,Malik,03301446877,ayesha.malik3@gmail.com,1234,ayeshamalik3
Hassan,Ahmed,03144552732,hassan.ahmed3@gmail.com,1234,hassanahmed3
Noor,Khan,03536325628,noor.khan3@gmail.com,1234,noorkhan3
Khadija,Ahmed,03422478981,khadija.ahmed3@gmail.com,1234,khadijaahmed3
Ibrahim,Ali,03890627967,ibrahim.ali3@gmail.com,1234,ibrahimali3
Sadia,Khan,03187750920,sadia.khan5@gmail.com,1234,sadiakhan5
Ali,Ahmed,03079823062,ali.ahmed3@gmail.com,1234,aliahmed3
Zoya,Malik,03452832845,zoya.malik3@gmail.com,1234,zoyamalik3
Hamza,Ahmed,03749296444,hamza.ahmed3@gmail.com,1234,hamzaahmed3
Saba,Khan,03316461601,saba.khan3@gmail.com,1234,sabakhan3
Ahmed,Malik,03157357556,ahmed.malik3@gmail.com,1234,ahmedmalik3
Maryam,Ahmed,03214753034,maryam.ahmed3@gmail.com,1234,maryamahmed3
Mustafa,Ali,03149377405,mustafa.ali3@gmail.com,1234,mustafaali3
Aisha,Khan,03360442417,aisha.khan6@gmail.com,1234,aishakhan6
Ahmed,Hussain,03591259566,ahmed.hussain3@gmail.com,1234,ahmedhussain3
Zara,Ali,03117293755,zara.ali3@gmail.com,1234,zaraali3
Abdullah,Ahmed,03506357481,abdullah.ahmed3@gmail.com,1234,abdullahahmed3
Sadia,Khan,03085797480,sadia.khan6@gmail.com,1234,sadiakhan6
Hassan,Malik,03839448055,hassan.malik3@gmail.com,1234,hassanmalik3
Ayesha,Ahmed,03665798475,ayesha.ahmed4@gmail.com,1234,ayeshaahmed4
Zain,Khan,03019801861,zain.khan3@gmail.com,1234,zainkhan3
Fatima,Ali,03090751178,fatima.ali3@gmail.com,1234,fatimaali3
Ahmed,Khan,03246040766,ahmed.khan3@gmail.com,1234,ahmedkhan3
Zoya,Ahmed,03408070169,zoya.ahmed4@gmail.com,1234,zoyaahmed4
Usman,Malik,03468188102,usman.malik3@gmail.com,1234,usmanmalik3
Noor,Ahmed,03666123704,noor.ahmed3@gmail.com,1234,noorahmed3
Aisha,Khan,03436457668,aisha.khan7@gmail.com,1234,aishakhan7
Saba,Ali,03799263665,saba.ali3@gmail.com,1234,sabaali3
Maryam,Khan,03247306133,maryam.khan3@gmail.com,1234,maryamkhan3
Abdullah,Malik,03205334633,abdullah.malik3@gmail.com,1234,abdullahmalik3
Zara,Ahmed,03567598946,zara.ahmed4@gmail.com,1234,zaraahmed4
Mustafa,Khan,03127760931,mustafa.khan3@gmail.com,1234,mustafakhan3
Aisha,Malik,03193388260,aisha.malik4@gmail.com,1234,aishamalik4
Zain,Ahmed,03444510708,zain.ahmed5@gmail.com,1234,zainahmed5
Fatima,Khan,03749387142,fatima.khan4@gmail.com,1234,fatimakhan4
Ahmed,Ali,03440750437,ahmed.ali4@gmail.com,1234,ahmedali4
Zoya,Hussain,03792995241,zoya.hussain4@gmail.com,1234,zoyahussain4
Bilal,Khan,03050632547,bilal.khan4@gmail.com,1234,bilalkhan4
Sana,Ahmed,03828628577,sana.ahmed4@gmail.com,1234,sanaahmed4
Usman,Khan,03863338588,usman.khan4@gmail.com,1234,usmankhan4
Ayesha,Malik,03172246785,ayesha.malik4@gmail.com,1234,ayeshamalik4
Hassan,Ahmed,03499699437,hassan.ahmed4@gmail.com,1234,hassanahmed4
Noor,Khan,03290991937,noor.khan4@gmail.com,1234,noorkhan4
Khadija,Ahmed,03864969743,khadija.ahmed4@gmail.com,1234,khadijaahmed4
Ibrahim,Ali,03683382815,ibrahim.ali4@gmail.com,1234,ibrahimali4
Sadia,Khan,03917570841,sadia.khan7@gmail.com,1234,sadiakhan7
Ali,Ahmed,03512104056,ali.ahmed4@gmail.com,1234,aliahmed4
Zoya,Malik,03081009945,zoya.malik4@gmail.com,1234,zoyamalik4
Hamza,Ahmed,03109160387,hamza.ahmed4@gmail.com,1234,hamzaahmed4
Saba,Khan,03530698240,saba.khan4@gmail.com,1234,sabakhan4
Ahmed,Malik,03904594547,ahmed.malik4@gmail.com,1234,ahmedmalik4
Maryam,Ahmed,03940186932,maryam.ahmed4@gmail.com,1234,maryamahmed4
Mustafa,Ali,03541565045,mustafa.ali4@gmail.com,1234,mustafaali4
Aisha,Khan,03059312879,aisha.khan8@gmail.com,1234,aishakhan8
Ahmed,Hussain,03182850756,ahmed.hussain4@gmail.com,1234,ahmedhussain4
Zara,Ali,03355896920,zara.ali4@gmail.com,1234,zaraali4
Abdullah,Ahmed,03437258726,abdullah.ahmed4@gmail.com,1234,abdullahahmed4
Sadia,Khan,03471060445,sadia.khan8@gmail.com,1234,sadiakhan8
Hassan,Malik,03831874977,hassan.malik4@gmail.com,1234,hassanmalik4
Ayesha,Ahmed,03582521550,ayesha.ahmed5@gmail.com,1234,ayeshaahmed5
Zain,Khan,03162639839,zain.khan4@gmail.com,1234,zainkhan4
Fatima,Ali,03637783338,fatima.ali4@gmail.com,1234,fatimaali4
Ahmed,Khan,03946386461,ahmed.khan4@gmail.com,1234,ahmedkhan4
Zoya,Ahmed,03642962945,zoya.ahmed5@gmail.com,1234,zoyaahmed5
Usman,Malik,03307930100,usman.malik4@gmail.com,1234,usmanmalik4
Noor,Ahmed,03497954369,noor.ahmed4@gmail.com,1234,noorahmed4
Aisha,Khan,03449410931,aisha.khan9@gmail.com,1234,aishakhan9
Saba,Ali,03481494697,saba.ali4@gmail.com,1234,sabaali4
Maryam,Khan,03660389901,maryam.khan4@gmail.com,1234,maryamkhan4
Abdullah,Malik,03430335676,abdullah.malik4@gmail.com,1234,abdullahmalik4
Zara,Ahmed,03550496322,zara.ahmed5@gmail.com,1234,zaraahmed5
Mustafa,Khan,03369006549,mustafa.khan4@gmail.com,1234,mustafakhan4
Aisha,Malik,03485322765,aisha.malik5@gmail.com,1234,aishamalik5
Zain,Ahmed,03023437454,zain.ahmed6@gmail.com,1234,zainahmed6
Fatima,Khan,03337127437,fatima.khan5@gmail.com,1234,fatimakhan5
Ahmed,Ali,03408880043,ahmed.ali5@gmail.com,1234,ahmedali5
Zoya,Hussain,03000380818,zoya.hussain5@gmail.com,1234,zoyahussain5
Bilal,Khan,03461353673,bilal.khan5@gmail.com,1234,bilalkhan5
Sana,Ahmed,03757950215,sana.ahmed5@gmail.com,1234,sanaahmed5
Usman,Khan,03583809117,usman.khan5@gmail.com,1234,usmankhan5
Ayesha,Malik,03611123215,ayesha.malik5@gmail.com,1234,ayeshamalik5
Hassan,Ahmed,03999512158,hassan.ahmed5@gmail.com,1234,hassanahmed5
Noor,Khan,03314141898,noor.khan5@gmail.com,1234,noorkhan5
Khadija,Ahmed,03369729462,khadija.ahmed5@gmail.com,1234,khadijaahmed5
Ibrahim,Ali,03092432761,ibrahim.ali5@gmail.com,1234,ibrahimali5
Sadia,Khan,03548338968,sadia.khan9@gmail.com,1234,sadiakhan9
Ali,Ahmed,03711787849,ali.ahmed5@gmail.com,1234,aliahmed5
Zoya,Malik,03864113168,zoya.malik5@gmail.com,1234,zoyamalik5
Hamza,Ahmed,03917594800,hamza.ahmed5@gmail.com,1234,hamzaahmed5
Saba,Khan,03115602971,saba.khan5@gmail.com,1234,sabakhan5
Ahmed,Malik,03206759084,ahmed.malik5@gmail.com,1234,ahmedmalik5
Maryam,Ahmed,03617698966,maryam.ahmed5@gmail.com,1234,maryamahmed5
Mustafa,Ali,03405288565,mustafa.ali5@gmail.com,1234,mustafaali5
Aisha,Khan,03893661300,aisha.khan10@gmail.com,1234,aishakhan10
Ahmed,Hussain,03177050174,ahmed.hussain5@gmail.com,1234,ahmedhussain5
Zara,Ali,03624292610,zara.ali5@gmail.com,1234,zaraali5
Abdullah,Ahmed,03649460733,abdullah.ahmed5@gmail.com,1234,abdullahahmed5
Sadia,Khan,03781232387,sadia.khan10@gmail.com,1234,sadiakhan10
Hassan,Malik,03072708074,hassan.malik5@gmail.com,1234,hassanmalik5
Ayesha,Ahmed,03083153139,ayesha.ahmed6@gmail.com,1234,ayeshaahmed6
Zain,Khan,03565746737,zain.khan5@gmail.com,1234,zainkhan5
Fatima,Ali,03128100317,fatima.ali5@gmail.com,1234,fatimaali5
Ahmed,Khan,03657263644,ahmed.khan5@gmail.com,1234,ahmedkhan5
Zoya,Ahmed,03782317549,zoya.ahmed6@gmail.com,1234,zoyaahmed6
Usman,Malik,03116616482,usman.malik5@gmail.com,1234,usmanmalik5
Noor,Ahmed,03028475140,noor.ahmed5@gmail.com,1234,noorahmed5
Aisha,Khan,03248025564,aisha.khan11@gmail.com,1234,aishakhan11
Saba,Ali,03643006938,saba.ali5@gmail.com,1234,sabaali5
Maryam,Khan,03689859707,maryam.khan5@gmail.com,1234,maryamkhan5
Abdullah,Malik,03318900295,abdullah.malik5@gmail.com,1234,abdullahmalik5
Zara,Ahmed,03727838901,zara.ahmed6@gmail.com,1234,zaraahmed6
Mustafa,Khan,03898022521,mustafa.khan5@gmail.com,1234,mustafakhan5
Aisha,Malik,03702144227,aisha.malik6@gmail.com,1234,aishamalik6
Zain,Ahmed,03225275720,zain.ahmed7@gmail.com,1234,zainahmed7
Fatima,Khan,03901620005,fatima.khan6@gmail.com,1234,fatimakhan6
Ahmed,Ali,03555973191,ahmed.ali6@gmail.com,1234,ahmedali6
Zoya,Hussain,03277593064,zoya.hussain6@gmail.com,1234,zoyahussain6
Bilal,Khan,03376360897,bilal.khan6@gmail.com,1234,bilalkhan6
Sana,Ahmed,03277730054,sana.ahmed6@gmail.com,1234,sanaahmed6
Usman,Khan,03271161064,usman.khan6@gmail.com,1234,usmankhan6
Ayesha,Malik,03712314093,ayesha.malik6@gmail.com,1234,ayeshamalik6
Hassan,Ahmed,03673349066,hassan.ahmed6@gmail.com,1234,hassanahmed6
Noor,Khan,03243340259,noor.khan6@gmail.com,1234,noorkhan6
Khadija,Ahmed,03028788465,khadija.ahmed6@gmail.com,1234,khadijaahmed6
Ibrahim,Ali,03675106189,ibrahim.ali6@gmail.com,1234,ibrahimali6
Sadia,Khan,03952289282,sadia.khan11@gmail.com,1234,sadiakhan11
Ali,Ahmed,03888466773,ali.ahmed6@gmail.com,1234,aliahmed6
Zoya,Malik,03626513954,zoya.malik6@gmail.com,1234,zoyamalik6
Hamza,Ahmed,03641743407,hamza.ahmed6@gmail.com,1234,hamzaahmed6
Saba,Khan,03349762696,saba.khan6@gmail.com,1234,sabakhan6
Ahmed,Malik,03619166482,ahmed.malik6@gmail.com,1234,ahmedmalik6
Maryam,Ahmed,03685138522,maryam.ahmed6@gmail.com,1234,maryamahmed6
Mustafa,Ali,03494660111,mustafa.ali6@gmail.com,1234,mustafaali6
Aisha,Khan,03852784946,aisha.khan12@gmail.com,1234,aishakhan12
Ahmed,Hussain,03952858569,ahmed.hussain6@gmail.com,1234,ahmedhussain6
Zara,Ali,03026829103,zara.ali6@gmail.com,1234,zaraali6
Abdullah,Ahmed,03354238225,abdullah.ahmed6@gmail.com,1234,abdullahahmed6
Sadia,Khan,03315539328,sadia.khan12@gmail.com,1234,sadiakhan12
Hassan,Malik,03536416384,hassan.malik6@gmail.com,1234,hassanmalik6
Ayesha,Ahmed,03501277896,ayesha.ahmed7@gmail.com,1234,ayeshaahmed7
Zain,Khan,03884422793,zain.khan6@gmail.com,1234,zainkhan6
Fatima,Ali,03980522184,fatima.ali6@gmail.com,1234,fatimaali6
Ahmed,Khan,03432736172,ahmed.khan6@gmail.com,1234,ahmedkhan6
Zoya,Ahmed,03403374059,zoya.ahmed7@gmail.com,1234,zoyaahmed7
Usman,Malik,03531690424,usman.malik6@gmail.com,1234,usmanmalik6
Noor,Ahmed,03881233807,noor.ahmed6@gmail.com,1234,noorahmed6
Aisha,Khan,03579586943,aisha.khan13@gmail.com,1234,aishakhan13
Saba,Ali,03473348337,saba.ali6@gmail.com,1234,sabaali6
Maryam,Khan,03882635874,maryam.khan6@gmail.com,1234,maryamkhan6
Abdullah,Malik,03741977309,abdullah.malik6@gmail.com,1234,abdullahmalik6
Zara,Ahmed,03297804276,zara.ahmed7@gmail.com,1234,zaraahmed7
Mustafa,Khan,03723291732,mustafa.khan6@gmail.com,1234,mustafakhan6
Aisha,Malik,03460450791,aisha.malik7@gmail.com,1234,aishamalik7
Zain,Ahmed,03178300528,zain.ahmed8@gmail.com,1234,zainahmed8
Fatima,Khan,03791318750,fatima.khan7@gmail.com,1234,fatimakhan7
Ahmed,Ali,03245963343,ahmed.ali7@gmail.com,1234,ahmedali7
Zoya,Hussain,03327118466,zoya.hussain7@gmail.com,1234,zoyahussain7
Bilal,Khan,03478977206,bilal.khan7@gmail.com,1234,bilalkhan7
Sana,Ahmed,03317144921,sana.ahmed7@gmail.com,1234,sanaahmed7
Usman,Khan,03662777325,usman.khan7@gmail.com,1234,usmankhan7
Ayesha,Malik,03480223066,ayesha.malik7@gmail.com,1234,ayeshamalik7
Hassan,Ahmed,03341673340,hassan.ahmed7@gmail.com,1234,hassanahmed7
Noor,Khan,03041574038,noor.khan7@gmail.com,1234,noorkhan7
Khadija,Ahmed,03688857579,khadija.ahmed7@gmail.com,1234,khadijaahmed7
Ibrahim,Ali,03539512955,ibrahim.ali7@gmail.com,1234,ibrahimali7
Sadia,Khan,03803288642,sadia.khan13@gmail.com,1234,sadiakhan13
Ali,Ahmed,03367507998,ali.ahmed7@gmail.com,1234,aliahmed7
Zoya,Malik,03131864687,zoya.malik7@gmail.com,1234,zoyamalik7
Hamza,Ahmed,03217829594,hamza.ahmed7@gmail.com,1234,hamzaahmed7
Saba,Khan,03583319768,saba.khan7@gmail.com,1234,sabakhan7
Ahmed,Malik,03349100493,ahmed.malik7@gmail.com,1234,ahmedmalik7
Maryam,Ahmed,03905877152,maryam.ahmed7@gmail.com,1234,maryamahmed7
Mustafa,Ali,03245505694,mustafa.ali7@gmail.com,1234,mustafaali7
Aisha,Khan,03024664435,aisha.khan14@gmail.com,1234,aishakhan14
Ahmed,Hussain,03285522673,ahmed.hussain7@gmail.com,1234,ahmedhussain7
Zara,Ali,03665345344,zara.ali7@gmail.com,1234,zaraali7
Abdullah,Ahmed,03665572367,abdullah.ahmed7@gmail.com,1234,abdullahahmed7
Sadia,Khan,03406928346,sadia.khan14@gmail.com,1234,sadiakhan14
Hassan,Malik,03295217678,hassan.malik7@gmail.com,1234,hassanmalik7
Ayesha,Ahmed,03662066723,ayesha.ahmed8@gmail.com,1234,ayeshaahmed8
Zain,Khan,03056745468,zain.khan7@gmail.com,1234,zainkhan7
Fatima,Ali,03546548335,fatima.ali7@gmail.com,1234,fatimaali7
Ahmed,Khan,03069421946,ahmed.khan7@gmail.com,1234,ahmedkhan7
Zoya,Ahmed,03464191138,zoya.ahmed8@gmail.com,1234,zoyaahmed8
Usman,Malik,03384754694,usman.malik7@gmail.com,1234,usmanmalik7
Noor,Ahmed,03639555546,noor.ahmed7@gmail.com,1234,noorahmed7
Aisha,Khan,03178604741,aisha.khan15@gmail.com,1234,aishakhan15
Saba,Ali,03632272019,saba.ali7@gmail.com,1234,sabaali7
Maryam,Khan,03696310909,maryam.khan7@gmail.com,1234,maryamkhan7
Abdullah,Malik,03020162130,abdullah.malik7@gmail.com,1234,abdullahmalik7
Zara,Ahmed,03650563365,zara.ahmed8@gmail.com,1234,zaraahmed8
Mustafa,Khan,03121173593,mustafa.khan7@gmail.com,1234,mustafakhan7
Aisha,Malik,03185712537,aisha.malik8@gmail.com,1234,aishamalik8
Zain,Ahmed,03545904849,zain.ahmed9@gmail.com,1234,zainahmed9
Fatima,Khan,03507283284,fatima.khan8@gmail.com,1234,fatimakhan8
Ahmed,Ali,03665294936,ahmed.ali8@gmail.com,1234,ahmedali8
Zoya,Hussain,03496775974,zoya.hussain8@gmail.com,1234,zoyahussain8
Bilal,Khan,03322750447,bilal.khan8@gmail.com,1234,bilalkhan8
Sana,Ahmed,03177958788,sana.ahmed8@gmail.com,1234,sanaahmed8
Usman,Khan,03493286157,usman.khan8@gmail.com,1234,usmankhan8
Ayesha,Malik,03285996684,ayesha.malik8@gmail.com,1234,ayeshamalik8
Hassan,Ahmed,03835090868,hassan.ahmed8@gmail.com,1234,hassanahmed8
Noor,Khan,03899211693,noor.khan8@gmail.com,1234,noorkhan8
Khadija,Ahmed,03581817894,khadija.ahmed8@gmail.com,1234,khadijaahmed8
Ibrahim,Ali,03815507189,ibrahim.ali8@gmail.com,1234,ibrahimali8
Sadia,Khan,03563108841,sadia.khan15@gmail.com,1234,sadiakhan15
Ali,Ahmed,03702066732,ali.ahmed8@gmail.com,1234,aliahmed8
Zoya,Malik,03906684173,zoya.malik8@gmail.com,1234,zoyamalik8
Hamza,Ahmed,03512181600,hamza.ahmed8@gmail.com,1234,hamzaahmed8
Saba,Khan,03897363675,saba.khan8@gmail.com,1234,sabakhan8
Ahmed,Malik,03588837650,ahmed.malik8@gmail.com,1234,ahmedmalik8
Maryam,Ahmed,03440917347,maryam.ahmed8@gmail.com,1234,maryamahmed8
Mustafa,Ali,03248881696,mustafa.ali8@gmail.com,1234,mustafaali8
Aisha,Khan,03176626014,aisha.khan16@gmail.com,1234,aishakhan16
Ahmed,Hussain,03619237641,ahmed.hussain8@gmail.com,1234,ahmedhussain8
Zara,Ali,03697634661,zara.ali8@gmail.com,1234,zaraali8
Abdullah,Ahmed,03886397155,abdullah.ahmed8@gmail.com,1234,abdullahahmed8
Sadia,Khan,03750431109,sadia.khan16@gmail.com,1234,sadiakhan16
Hassan,Malik,03629312060,hassan.malik8@gmail.com,1234,hassanmalik8
Ayesha,Ahmed,03293685633,ayesha.ahmed9@gmail.com,1234,ayeshaahmed9
Zain,Khan,03931522120,zain.khan8@gmail.com,1234,zainkhan8
Fatima,Ali,03862516614,fatima.ali8@gmail.com,1234,fatimaali8
Ahmed,Khan,03743917969,ahmed.khan8@gmail.com,1234,ahmedkhan8
Zoya,Ahmed,03402527673,zoya.ahmed9@gmail.com,1234,zoyaahmed9
Usman,Malik,03286910030,usman.malik8@gmail.com,1234,usmanmalik8
Noor,Ahmed,03695101710,noor.ahmed8@gmail.com,1234,noorahmed8
Aisha,Khan,03027675407,aisha.khan17@gmail.com,1234,aishakhan17
Saba,Ali,03169813713,saba.ali8@gmail.com,1234,sabaali8
Maryam,Khan,03550377722,maryam.khan8@gmail.com,1234,maryamkhan8
Abdullah,Malik,03942249440,abdullah.malik8@gmail.com,1234,abdullahmalik8
Zara,Ahmed,03586545002,zara.ahmed9@gmail.com,1234,zaraahmed9
Mustafa,Khan,03972864970,mustafa.khan8@gmail.com,1234,mustafakhan8
Aisha,Malik,03653652541,aisha.malik9@gmail.com,1234,aishamalik9
Zain,Ahmed,03049963484,zain.ahmed10@gmail.com,1234,zainahmed10
Fatima,Khan,03655608352,fatima.khan9@gmail.com,1234,fatimakhan9
Ahmed,Ali,03101317726,ahmed.ali9@gmail.com,1234,ahmedali9
Zoya,Hussain,03069323671,zoya.hussain9@gmail.com,1234,zoyahussain9
Bilal,Khan,03571246865,bilal.khan9@gmail.com,1234,bilalkhan9
Sana,Ahmed,03436070265,sana.ahmed9@gmail.com,1234,sanaahmed9
Usman,Khan,03320408195,usman.khan9@gmail.com,1234,usmankhan9
Ayesha,Malik,03976385939,ayesha.malik9@gmail.com,1234,ayeshamalik9
Hassan,Ahmed,03497990414,hassan.ahmed9@gmail.com,1234,hassanahmed9
Noor,Khan,03098213474,noor.khan9@gmail.com,1234,noorkhan9
Khadija,Ahmed,03973629004,khadija.ahmed9@gmail.com,1234,khadijaahmed9
Ibrahim,Ali,03113449698,ibrahim.ali9@gmail.com,1234,ibrahimali9
Sadia,Khan,03895493062,sadia.khan17@gmail.com,1234,sadiakhan17
Ali,Ahmed,03087393528,ali.ahmed9@gmail.com,1234,aliahmed9
Zoya,Malik,03464204063,zoya.malik9@gmail.com,1234,zoyamalik9
Hamza,Ahmed,03483303947,hamza.ahmed9@gmail.com,1234,hamzaahmed9
Saba,Khan,03707051285,saba.khan9@gmail.com,1234,sabakhan9
Ahmed,Malik,03562301526,ahmed.malik9@gmail.com,1234,ahmedmalik9
Maryam,Ahmed,03262164516,maryam.ahmed9@gmail.com,1234,maryamahmed9
Mustafa,Ali,03986161130,mustafa.ali9@gmail.com,1234,mustafaali9
Aisha,Khan,03124092512,aisha.khan18@gmail.com,1234,aishakhan18
Ahmed,Hussain,03975715989,ahmed.hussain9@gmail.com,1234,ahmedhussain9
Zara,Ali,03876896763,zara.ali9@gmail.com,1234,zaraali9
Abdullah,Ahmed,03555490684,abdullah.ahmed9@gmail.com,1234,abdullahahmed9
Sadia,Khan,03613870371,sadia.khan18@gmail.com,1234,sadiakhan18
Hassan,Malik,03207817850,hassan.malik9@gmail.com,1234,hassanmalik9
Ayesha,Ahmed,03033764741,ayesha.ahmed10@gmail.com,1234,ayeshaahmed10
Zain,Khan,03540795522,zain.khan9@gmail.com,1234,zainkhan9
Fatima,Ali,03175929359,fatima.ali9@gmail.com,1234,fatimaali9
Ahmed,Khan,03846712036,ahmed.khan9@gmail.com,1234,ahmedkhan9
Zoya,Ahmed,03944208846,zoya.ahmed10@gmail.com,1234,zoyaahmed10
Usman,Malik,03583548857,usman.malik9@gmail.com,1234,usmanmalik9
Noor,Ahmed,03564545730,noor.ahmed9@gmail.com,1234,noorahmed9
Aisha,Khan,03145869979,aisha.khan19@gmail.com,1234,aishakhan19
Saba,Ali,03206973249,saba.ali9@gmail.com,1234,sabaali9
Maryam,Khan,03848014170,maryam.khan9@gmail.com,1234,maryamkhan9
Abdullah,Malik,03868461596,abdullah.malik9@gmail.com,1234,abdullahmalik9
Ayesha,Ahmed,03126864910,ayesha.ahmed@gmail.com,1234,ayeshaahmed1
Sana,Khan,03020266788,sana.khan@gmail.com,1234,sanakhan
Bilal,Ali,03033304224,bilal.ali@gmail.com,1234,bilalali
Khadija,Hussain,03305546813,khadija.hussain@gmail.com,1234,khadijahussain
Ibrahim,Ahmed,03497053168,ibrahim.ahmed@gmail.com,1234,ibrahimahmed
Sadia,Malik,03237747525,sadia.malik@gmail.com,1234,sadiamalik
Noor,Ali,03681608297,noor.ali@gmail.com,1234,noorali
Maryam,Ali,03074626407,maryam.ali@gmail.com,1234,maryamali
Mustafa,Ahmed,03188097286,mustafa.ahmed@gmail.com,1234,mustafaahmed
Hamza,Hussain,03387462334,hamza.hussain@gmail.com,1234,hamzahussain
Usman,Ali,03793255106,usman.ali@gmail.com,1234,usmanali1
Ayesha,Khan,03763339105,ayesha.khan@gmail.com,1234,ayeshakhan1
Maryam,Hussain,03201793587,maryam.hussain@gmail.com,1234,maryamhussain
Khadija,Ali,03279073680,khadija.ali@gmail.com,1234,khadijaali
Ibrahim,Khan,03798546574,ibrahim.khan@gmail.com,1234,ibrahimkhan
Ali,Malik,03214442957,ali.malik@gmail.com,1234,alimalik
Zain,Malik,03735109580,zain.malik@gmail.com,1234,zainmalik
Aisha,Hussain,03070548619,aisha.hussain@gmail.com,1234,aishahussain
Noor,Malik,03920559928,noor.malik@gmail.com,1234,noormalik
Bilal,Hussain,03515322788,bilal.hussain@gmail.com,1234,bilalhussain
Fatima,Malik,03745371569,fatima.malik@gmail.com,1234,fatimamalik
Zoya,Ali,03393165164,zoya.ali@gmail.com,1234,zoyaali2
Zara,Khan,03055851404,zara.khan@gmail.com,1234,zarakhan
Hamza,Malik,03754046319,hamza.malik@gmail.com,1234,hamzamalik
Sana,Ali,03700200503,sana.ali@gmail.com,1234,sanaali
Ayesha,Hussain,03051953004,ayesha.hussain@gmail.com,1234,ayeshahussain
Zoya,Khan,03317705079,zoya.khan@gmail.com,1234,zoyakhan
Sadia,Ahmed,03437996286,sadia.ahmed@gmail.com,1234,sadiaahmed1
Ibrahim,Malik,03312049675,ibrahim.malik@gmail.com,1234,ibrahimmalik
Sana,Hussain,03504137873,sana.hussain@gmail.com,1234,sanahussain
Usman,Ahmed,03457295865,usman.ahmed@gmail.com,1234,usmanahmed
Bilal,Malik,03348997972,bilal.malik@gmail.com,1234,bilalmalik
Zain,Ali,03689715140,zain.ali@gmail.com,1234,zainali
Noor,Hussain,03399253598,noor.hussain@gmail.com,1234,noorhussain
Fatima,Ahmed,03984613410,fatima.ahmed@gmail.com,1234,fatimaahmed1
Hassan,Mohammad,03630459332,hassanmohammad@gmail.com,1234,hassanmohammad
Aisha,Ahmed,03472895819,aishaahmed@gmail.com,1234,aishaahmed
Zahra,Abbas,03828503343,zahraabbas@gmail.com,1234,zahraabbas
Fatima,Alvi,03118589924,fatimaalvi@gmail.com,1234,fatimaalvi
Ahmed,Rizvi,03138654694,ahmedrizvi@gmail.com,1234,ahmedrizvi
Zoya,Iqbal,03144381550,zoyaiqbal@gmail.com,1234,zoyaiqbal
Mustafa,Haider,03832975866,mustafahaider@gmail.com,1234,mustafahaider
Rabia,Naqvi,03446301150,rabianaqvi@gmail.com,1234,rabianaqvi
Usman,Baig,03696510458,usmanbaig@gmail.com,1234,usmanbaig
Safiya,Hussain,03579128461,safiyahussain@gmail.com,1234,safiyahussain
Talha,Hussain,03134516007,talhahussain@gmail.com,1234,talhahussain
Zainab,Abbas,03577774464,zainababbas@gmail.com,1234,zainababbas
Zahra,Imran,03268085154,zahraimran@gmail.com,1234,zahraimran
Sami,Khan,03710074777,samikhan@gmail.com,1234,samikhan
Zara,Asghar,03437265835,zaraasghar@gmail.com,1234,zaraasghar
Rabia,Iqbal,03712865811,rabiaiqbal@gmail.com,1234,rabiaiqbal
Ali,Rehman,03971650539,alirehman@gmail.com,1234,alirehman
Fatima,Haider,03666306819,fatimahaider@gmail.com,1234,fatimahaider
Zaid,Ahmed,03201953090,zaidahmed@gmail.com,1234,zaidahmed
Amina,Khan,03719742555,aminakhan@gmail.com,1234,aminakhan
Sami,Asghar,03152634169,samiasghar@gmail.com,1234,samiasghar
Zara,Iqbal,03322731341,zaraiqbal@gmail.com,1234,zaraiqbal
Fatima,Imran,03330440229,fatimaimran@gmail.com,1234,fatimaimran
Zainab,Asghar,03209763092,zainabasghar@gmail.com,1234,zainabasghar
Zahra,Rehman,03755975203,zahrarehman@gmail.com,1234,zahrarehman
Sami,Haider,03669863044,samihaider@gmail.com,1234,samihaider
Safia,Khan,03037217643,safiakhan@gmail.com,1234,safiakhan
Talha,Imran,03621239753,talhaimran@gmail.com,1234,talhaimran
Aisha,Aslam,03320506828,aishaaslam@gmail.com,1234,aishaaslam
Maryam,Malik,03658816768,maryammalik@gmail.com,1234,maryammalik
Hassan,Ali,03865767568,hassanali@gmail.com,1234,hassanali
Rabia,Khan,03534881925,rabiakhan@gmail.com,1234,rabiakhan
Zaid,Imran,03985987289,zaidimran@gmail.com,1234,zaidimran
Zara,Aslam,03626744254,zaraaslam@gmail.com,1234,zaraaslam
Sami,Ahmed,03714111460,samiahmed@gmail.com,1234,samiahmed
Amina,Ahmed,03421437023,aminaahmed@gmail.com,1234,aminaahmed
Zainab,Khan,03787968015,zainabkhan@gmail.com,1234,zainabkhan
Zaid,Ali,03945277141,zaidali@gmail.com,1234,zaidali
Usman,Haider,03022559040,usmanhaider@gmail.com,1234,usmanhaider
Sami,Aslam,03431702283,samiaslam@gmail.com,1234,samiaslam
Safiya,Khan,03711559225,safiyakhan@gmail.com,1234,safiyakhan
Zahra,Ali,03656120668,zahraali@gmail.com,1234,zahraali
Safiya,Ali,03394859069,safiyaali@gmail.com,1234,safiyaali
Amina,Hussain,03613363638,aminahussain@gmail.com,1234,aminahussain
Rabia,Malik,03092762083,rabiamalik@gmail.com,1234,rabiamalik
Talha,Ahmed,03059115827,talhaahmed@gmail.com,1234,talhaahmed
Safiya,Ahmed,03129980799,safiyaahmed@gmail.com,1234,safiyaahmed
Zara,Malik,03872611584,zaramalik@gmail.com,1234,zaramalik
Sami,Hussain,03883838007,samihussain@gmail.com,1234,samihussain
Sami,Ali,03895189025,samiali@gmail.com,1234,samiali
Talha,Khan,03975723345,talhakhan@gmail.com,1234,talhakhan
Safiya,Malik,03757389219,safiyamalik@gmail.com,1234,safiyamalik
Zara,Hussain,03293806664,zarahussain@gmail.com,1234,zarahussain
Sami,Malik,03484722266,samimalik@gmail.com,1234,samimalik
Ayesha,Hussain,03707772790,ayeshahussain1@gmail.com,1234,ayeshahussain1
Ali,Khan,03166807133,alikhan4@gmail.com,1234,alikhan4
Fatima,Imran,03395794949,fatimaimran5@gmail.com,1234,fatimaimran5
Zainab,Asghar,03936994247,zainabasghar7@gmail.com,1234,zainabasghar7
Zahra,Rehman,03729236698,zahrarehman9@gmail.com,1234,zahrarehman9
Sami,Haider,03951623609,samihaider10@gmail.com,1234,samihaider10
Safia,Khan,03112072802,safiakhan11@gmail.com,1234,safiakhan11
Talha,Imran,03118865167,talhaimran12@gmail.com,1234,talhaimran12
Aisha,Aslam,03225446372,aishaaslam13@gmail.com,1234,aishaaslam13
Zubair,Ahmed,03677536486,zubairahmed14@gmail.com,1234,zubairahmed14
Maryam,Malik,03735620010,maryammalik15@gmail.com,1234,maryammalik15
Hassan,Ali,03593742400,hassanali16@gmail.com,1234,hassanali16
Ayesha,Ahmed,03542939822,ayeshaahmed17@gmail.com,1234,ayeshaahmed17
Usman,Khan,03458932895,usmankhan18@gmail.com,1234,usmankhan18
Saba,Malik,03653289481,sabamalik19@gmail.com,1234,sabamalik19
Rabia,Khan,03609493855,rabiakhan20@gmail.com,1234,rabiakhan20
Zaid,Imran,03415137149,zaidimran21@gmail.com,1234,zaidimran21
Aisha,Ahmed,03710208663,aishaahmed22@gmail.com,1234,aishaahmed22
Ahmed,Hussain,03230269065,ahmedhussain23@gmail.com,1234,ahmedhussain23
Zara,Aslam,03043897567,zaraaslam24@gmail.com,1234,zaraaslam24
Sami,Ahmed,03822422381,samiahmed25@gmail.com,1234,samiahmed25
Rabia,Khan,03970853991,rabiakhan26@gmail.com,1234,rabiakhan26
Amina,Ahmed,03507014164,aminaahmed27@gmail.com,1234,aminaahmed27
Zainab,Khan,03106903226,zainabkhan28@gmail.com,1234,zainabkhan28
Ayesha,Ahmed,03489151528,ayeshaahmed29@gmail.com,1234,ayeshaahmed29
Zoya,Ahmed,03922571338,zoyaahmed30@gmail.com,1234,zoyaahmed30
Fatima,Hussain,03356292248,fatimahussain31@gmail.com,1234,fatimahussain31
Hassan,Malik,03432482985,hassanmalik32@gmail.com,1234,hassanmalik32
Zaid,Ali,03816663207,zaidali33@gmail.com,1234,zaidali33
Sana,Khan,03746319482,sanakhan34@gmail.com,1234,sanakhan34
Rabia,Ahmed,03223890275,rabiaahmed35@gmail.com,1234,rabiaahmed35
Usman,Haider,03592763279,usmanhaider36@gmail.com,1234,usmanhaider36
Sami,Aslam,03519045705,samiaslam37@gmail.com,1234,samiaslam37
Talha,Hussain,03133685032,talhahussain38@gmail.com,1234,talhahussain38
Safiya,Khan,03576521304,safiyakhan39@gmail.com,1234,safiyakhan39
Zahra,Ali,03822190501,zahraali40@gmail.com,1234,zahraali40
Ayesha,Ahmed,03331567299,ayeshaahmed41@gmail.com,1234,ayeshaahmed41
Hassan,Khan,03798785722,hassankhan42@gmail.com,1234,hassankhan42
Zainab,Ali,03726188974,zainabali43@gmail.com,1234,zainabali43
Fatima,Haider,03778559648,fatimahaider44@gmail.com,1234,fatimahaider44
Ahmed,Ali,03907861518,ahmedali45@gmail.com,1234,ahmedali45
Zara,Ahmed,03707493712,zaraahmed46@gmail.com,1234,zaraahmed46
Ali,Hussain,03072672642,alihussain47@gmail.com,1234,alihussain47
Zoya,Khan,03039559258,zoyakhan48@gmail.com,1234,zoyakhan48
Ayesha,Malik,03956278986,ayeshamalik49@gmail.com,1234,ayeshamalik49
Usman,Ahmed,03283038192,usmanahmed50@gmail.com,1234,usmanahmed50
Sami,Khan,03234202608,samikhan51@gmail.com,1234,samikhan51
Aisha,Aslam,03237915273,aishaaslam52@gmail.com,1234,aishaaslam52
Zahra,Ahmed,03606648520,zahraahmed53@gmail.com,1234,zahraahmed53
Safiya,Ali,03392596309,safiyaali54@gmail.com,1234,safiyaali54
Zaid,Ahmed,03225458210,zaidahmed55@gmail.com,1234,zaidahmed55
Maryam,Khan,03540445862,maryamkhan56@gmail.com,1234,maryamkhan56
Amina,Hussain,03303851907,aminahussain57@gmail.com,1234,aminahussain57
Rabia,Malik,03964393309,rabiamalik58@gmail.com,1234,rabiamalik58
Talha,Ahmed,03808031834,talhaahmed59@gmail.com,1234,talhaahmed59
Ayesha,Malik,03862807168,ayeshamalik60@gmail.com,1234,ayeshamalik60
Zoya,Khan,03559621040,zoyakhan61@gmail.com,1234,zoyakhan61
Safiya,Hussain,03456193032,safiyahussain62@gmail.com,1234,safiyahussain62
Ahmed,Malik,03116238271,ahmedmalik63@gmail.com,1234,ahmedmalik63
Zara,Khan,03806396775,zarakhan64@gmail.com,1234,zarakhan64
Hassan,Ali,03069050983,hassanali65@gmail.com,1234,hassanali65
Sami,Haider,03874493378,samihaider66@gmail.com,1234,samihaider66
Aisha,Malik,03486636937,aishamalik67@gmail.com,1234,aishamalik67
Zainab,Ali,03232340162,zainabali68@gmail.com,1234,zainabali68
Ali,Hussain,03180631659,alihussain69@gmail.com,1234,alihussain69
Zoya,Khan,03097677572,zoyakhan70@gmail.com,1234,zoyakhan70
Ahmed,Malik,03411481865,ahmedmalik71@gmail.com,1234,ahmedmalik71
Safiya,Ahmed,03137641466,safiyaahmed72@gmail.com,1234,safiyaahmed72
Zara,Malik,03157129878,zaramalik73@gmail.com,1234,zaramalik73
Hassan,Ali,03804682178,hassanali74@gmail.com,1234,hassanali74
Sami,Hussain,03390701708,samihussain75@gmail.com,1234,samihussain75
Ayesha,Ahmed,03671304395,ayeshaahmed76@gmail.com,1234,ayeshaahmed76
Zainab,Hussain,03745831460,zainabhussain77@gmail.com,1234,zainabhussain77
Sami,Ali,03257448257,samiali78@gmail.com,1234,samiali78
Aisha,Hussain,03784299279,aishahussain79@gmail.com,1234,aishahussain79
Ahmed,Malik,03962284299,ahmedmalik80@gmail.com,1234,ahmedmalik80
Zoya,Khan,03889843525,zoyakhan81@gmail.com,1234,zoyakhan81
Hassan,Ahmed,03210547187,hassanahmed82@gmail.com,1234,hassanahmed82
Safiya,Khan,03116324398,safiyakhan83@gmail.com,1234,safiyakhan83
Amina,Hussain,03787025458,aminahussain84@gmail.com,1234,aminahussain84
Talha,Khan,03928969077,talhakhan85@gmail.com,1234,talhakhan85
Ayesha,Ahmed,03738427776,ayeshaahmed86@gmail.com,1234,ayeshaahmed86
Zainab,Malik,03039506405,zainabmalik87@gmail.com,1234,zainabmalik87
Sami,Ahmed,03546475303,samiahmed88@gmail.com,1234,samiahmed88
Zoya,Khan,03517780955,zoyakhan89@gmail.com,1234,zoyakhan89
Safiya,Malik,03619122823,safiyamalik90@gmail.com,1234,safiyamalik90
Ahmed,Hussain,03721429327,ahmedhussain91@gmail.com,1234,ahmedhussain91
Aisha,Khan,03372072938,aishakhan92@gmail.com,1234,aishakhan92
Zara,Hussain,03770351316,zarahussain93@gmail.com,1234,zarahussain93
Hassan,Khan,03019701142,hassankhan94@gmail.com,1234,hassankhan94
Zainab,Ahmed,03153957159,zainabahmed95@gmail.com,1234,zainabahmed95
Sami,Malik,03311648613,samimalik96@gmail.com,1234,samimalik96
Ayesha,Hussain,03907216586,ayeshahussain97@gmail.com,1234,ayeshahussain97
Ayesha,Hussain,03652818139,ayeshahussain42@gmail.com,1234,ayeshahussain42
Aisha,Khan,03492661595,aishakhan79@gmail.com,1234,aishakhan79
Zoya,Malik,03617270619,zoyamalik80@gmail.com,1234,zoyamalik80
Ahmed,Ali,03828009986,ahmedali81@gmail.com,1234,ahmedali81
Zara,Ahmed,03266339029,zaraahmed82@gmail.com,1234,zaraahmed82
Zainab,Hussain,03997325343,zainabhussain84@gmail.com,1234,zainabhussain84
Ayesha,Malik,03855371073,ayeshamalik85@gmail.com,1234,ayeshamalik85
Ali,Ahmed,03383546720,aliahmed86@gmail.com,1234,aliahmed86
Sami,Khan,03437146404,samikhan87@gmail.com,1234,samikhan87
Amina,Ali,03016110693,aminaali88@gmail.com,1234,aminaali88
Zoya,Hussain,03363151809,zoyahussain89@gmail.com,1234,zoyahussain89
Ayesha,Malik,03043137421,ayeshamalik90@gmail.com,1234,ayeshamalik90
Ali,Ahmed,03362793926,aliahmed91@gmail.com,1234,aliahmed91
Zara,Khan,03380004669,zarakhan92@gmail.com,1234,zarakhan92
Sami,Ali,03969477863,samiali93@gmail.com,1234,samiali93
Zoya,Malik,03557857588,zoyamalik94@gmail.com,1234,zoyamalik94
Zainab,Khan,03381829439,zainabkhan96@gmail.com,1234,zainabkhan96
Ayesha,Malik,03606634631,ayeshamalik97@gmail.com,1234,ayeshamalik97
Ali,Ahmed,03006237627,aliahmed98@gmail.com,1234,aliahmed98
Zara,Khan,03734367842,zarakhan99@gmail.com,1234,zarakhan99
Sami,Ali,03026946979,samiali100@gmail.com,1234,samiali100
Ayesha,Malik,03356349337,ayeshamalik101@gmail.com,1234,ayeshamalik101
Zoya,Ahmed,03416832222,zoyaahmed102@gmail.com,1234,zoyaahmed102
Sami,Khan,03380214897,samikhan103@gmail.com,1234,samikhan103
Ali,Malik,03966483227,alimalik104@gmail.com,1234,alimalik104
Zainab,Ali,03722718344,zainabali105@gmail.com,1234,zainabali105
Ayesha,Hussain,03850104869,ayeshahussain106@gmail.com,1234,ayeshahussain106
Sami,Khan,03367014510,samikhan107@gmail.com,1234,samikhan107
Zara,Malik,03924641242,zaramalik108@gmail.com,1234,zaramalik108
Zoya,Ali,03149489689,zoyaali110@gmail.com,1234,zoyaali110
Amina,Khan,03316795132,aminakhan111@gmail.com,1234,aminakhan111
Safiya,Malik,03586077396,safiyamalik112@gmail.com,1234,safiyamalik112
Zaid,Ahmed,03162406496,zaidahmed113@gmail.com,1234,zaidahmed113
Ayesha,Ali,03893313146,ayeshaali114@gmail.com,1234,ayeshaali114
Zara,Malik,03508020406,zaramalik115@gmail.com,1234,zaramalik115
Hassan,Khan,03895138982,hassankhan116@gmail.com,1234,hassankhan116
Zoya,Hussain,03788973313,zoyahussain117@gmail.com,1234,zoyahussain117
Sami,Malik,03935291106,samimalik118@gmail.com,1234,samimalik118
Amina,Ahmed,03352502245,aminaahmed119@gmail.com,1234,aminaahmed119
Zainab,Khan,03999419696,zainabkhan120@gmail.com,1234,zainabkhan120
Ayesha,Malik,03292023137,ayeshamalik121@gmail.com,1234,ayeshamalik121
Zoya,Ahmed,03695214910,zoyaahmed122@gmail.com,1234,zoyaahmed122
Sami,Khan,03838915215,samikhan123@gmail.com,1234,samikhan123
Zara,Malik,03790754339,zaramalik125@gmail.com,1234,zaramalik125
Hassan,Khan,03919550074,hassankhan126@gmail.com,1234,hassankhan126
Zoya,Hussain,03194968200,zoyahussain127@gmail.com,1234,zoyahussain127
Amina,Ahmed,03897370080,aminaahmed128@gmail.com,1234,aminaahmed128
Zainab,Ali,03570300862,zainabali129@gmail.com,1234,zainabali129
Ayesha,Ahmed,03296488858,ayeshaahmed130@gmail.com,1234,ayeshaahmed130
Sami,Khan,03335386784,samikhan131@gmail.com,1234,samikhan131
Ali,Ahmed,03845152091,aliahmed132@gmail.com,1234,aliahmed132
Zara,Malik,03232786585,zaramalik133@gmail.com,1234,zaramalik133
Safiya,Khan,03023906685,safiyakhan134@gmail.com,1234,safiyakhan134
Zoya,Ahmed,03058173648,zoyaahmed135@gmail.com,1234,zoyaahmed135
Ayesha,Malik,03660720488,ayeshamalik136@gmail.com,1234,ayeshamalik136
Zainab,Malik,03199117974,zainabmalik138@gmail.com,1234,zainabmalik138
Ayesha,Hussain,03993730451,ayeshahussain139@gmail.com,1234,ayeshahussain139
Sami,Ali,03805011648,samiali140@gmail.com,1234,samiali140
Zara,Khan,03236100926,zarakhan141@gmail.com,1234,zarakhan141
Safiya,Malik,03377009961,safiyamalik142@gmail.com,1234,safiyamalik142
Zoya,Ahmed,03831627621,zoyaahmed143@gmail.com,1234,zoyaahmed143
Ayesha,Malik,03960282688,ayeshamalik145@gmail.com,1234,ayeshamalik145
Sami,Khan,03202948607,samikhan146@gmail.com,1234,samikhan146
Zara,Malik,03784753572,zaramalik147@gmail.com,1234,zaramalik147
Hassan,Khan,03758757592,hassankhan148@gmail.com,1234,hassankhan148
Zoya,Hussain,03569367407,zoyahussain149@gmail.com,1234,zoyahussain149
Amina,Ahmed,03489791760,aminaahmed150@gmail.com,1234,aminaahmed150
Safiya,Khan,03783066155,safiyakhan151@gmail.com,1234,safiyakhan151
Zainab,Ali,03145916352,zainabali152@gmail.com,1234,zainabali152
Ayesha,Ahmed,03507932737,ayeshaahmed153@gmail.com,1234,ayeshaahmed153
Sami,Khan,03038354966,samikhan154@gmail.com,1234,samikhan154
Ali,Ahmed,03553081855,aliahmed155@gmail.com,1234,aliahmed155
Zara,Malik,03524416515,zaramalik156@gmail.com,1234,zaramalik156
Hassan,Khan,03226848667,hassankhan157@gmail.com,1234,hassankhan157
Zoya,Hussain,03297796294,zoyahussain158@gmail.com,1234,zoyahussain158
Amina,Ahmed,03456747520,aminaahmed159@gmail.com,1234,aminaahmed159
Safiya,Ali,03147254708,safiyaali160@gmail.com,1234,safiyaali160
Zainab,Khan,03254721836,zainabkhan161@gmail.com,1234,zainabkhan161
Ayesha,Malik,03697966516,ayeshamalik162@gmail.com,1234,ayeshamalik162
Zara,Malik,03536048330,zaramalik164@gmail.com,1234,zaramalik164
Hassan,Khan,03771750186,hassankhan165@gmail.com,1234,hassankhan165
Zoya,Hussain,03532107185,zoyahussain166@gmail.com,1234,zoyahussain166
Amina,Ahmed,03835088184,aminaahmed167@gmail.com,1234,aminaahmed167
Safiya,Ali,03409772960,safiyaali168@gmail.com,1234,safiyaali168
Zainab,Khan,03510605583,zainabkhan169@gmail.com,1234,zainabkhan169
Ayesha,Malik,03909198318,ayeshamalik170@gmail.com,1234,ayeshamalik170
Zara,Malik,03053527546,zaramalik172@gmail.com,1234,zaramalik172
Hassan,Khan,03910212302,hassankhan173@gmail.com,1234,hassankhan173
Zoya,Hussain,03881128048,zoyahussain174@gmail.com,1234,zoyahussain174
Amina,Ahmed,03616441646,aminaahmed175@gmail.com,1234,aminaahmed175
Safiya,Ali,03745297430,safiyaali176@gmail.com,1234,safiyaali176
Zainab,Khan,03764798099,zainabkhan177@gmail.com,1234,zainabkhan177
Ayesha,Malik,03021219664,ayeshamalik178@gmail.com,1234,ayeshamalik178
Zara,Malik,03339851979,zaramalik180@gmail.com,1234,zaramalik180
Hassan,Khan,03042692177,hassankhan181@gmail.com,1234,hassankhan181
Zoya,Hussain,03082946291,zoyahussain182@gmail.com,1234,zoyahussain182
Amina,Ahmed,03051970354,aminaahmed183@gmail.com,1234,aminaahmed183
Safiya,Ali,03141596033,safiyaali184@gmail.com,1234,safiyaali184
Zainab,Khan,03403534553,zainabkhan185@gmail.com,1234,zainabkhan185
Ayesha,Malik,03117510654,ayeshamalik186@gmail.com,1234,ayeshamalik186
Zara,Malik,03831271926,zaramalik188@gmail.com,1234,zaramalik188
Hassan,Khan,03003946584,hassankhan189@gmail.com,1234,hassankhan189
Zoya,Hussain,03628506769,zoyahussain190@gmail.com,1234,zoyahussain190
Amina,Ahmed,03462678527,aminaahmed191@gmail.com,1234,aminaahmed191
Safiya,Ali,03117316380,safiyaali192@gmail.com,1234,safiyaali192
Zainab,Khan,03408720613,zainabkhan193@gmail.com,1234,zainabkhan193
Ayesha,Malik,03134085703,ayeshamalik194@gmail.com,1234,ayeshamalik194
Zara,Malik,03241738203,zaramalik196@gmail.com,1234,zaramalik196
Hassan,Khan,03276334818,hassankhan197@gmail.com,1234,hassankhan197
Zoya,Hussain,03552759469,zoyahussain198@gmail.com,1234,zoyahussain198
Amina,Ahmed,03663129505,aminaahmed199@gmail.com,1234,aminaahmed199
Safiya,Ali,03883614755,safiyaali200@gmail.com,1234,safiyaali200
Zainab,Khan,03746310673,zainabkhan201@gmail.com,1234,zainabkhan201
Ayesha,Malik,03256626956,ayeshamalik202@gmail.com,1234,ayeshamalik202
Zara,Malik,03708275795,zaramalik204@gmail.com,1234,zaramalik204
Hassan,Khan,03622485610,hassankhan205@gmail.com,1234,hassankhan205
Zoya,Hussain,03713480923,zoyahussain206@gmail.com,1234,zoyahussain206
Amina,Ahmed,03830318658,aminaahmed207@gmail.com,1234,aminaahmed207
Safiya,Ali,03455133401,safiyaali208@gmail.com,1234,safiyaali208
Zainab,Khan,03090810226,zainabkhan209@gmail.com,1234,zainabkhan209
Ayesha,Malik,03299907289,ayeshamalik210@gmail.com,1234,ayeshamalik210
Zara,Malik,03962370014,zaramalik212@gmail.com,1234,zaramalik212
Hassan,Khan,03318940178,hassankhan213@gmail.com,1234,hassankhan213
Zoya,Hussain,03247144126,zoyahussain214@gmail.com,1234,zoyahussain214
Amina,Ahmed,03062675904,aminaahmed215@gmail.com,1234,aminaahmed215
Safiya,Ali,03835410640,safiyaali216@gmail.com,1234,safiyaali216
Zainab,Khan,03301952900,zainabkhan217@gmail.com,1234,zainabkhan217
Ayesha,Malik,03090253902,ayeshamalik218@gmail.com,1234,ayeshamalik218
Zara,Malik,03387917816,zaramalik220@gmail.com,1234,zaramalik220
Hassan,Khan,03851843346,hassankhan221@gmail.com,1234,hassankhan221
Zoya,Hussain,03747504200,zoyahussain222@gmail.com,1234,zoyahussain222
Amina,Ahmed,03034949179,aminaahmed223@gmail.com,1234,aminaahmed223
Safiya,Ali,03809998050,safiyaali224@gmail.com,1234,safiyaali224
Zainab,Khan,03565762579,zainabkhan225@gmail.com,1234,zainabkhan225
Ayesha,Malik,03047454852,ayeshamalik226@gmail.com,1234,ayeshamalik226
Zara,Malik,03089411154,zaramalik228@gmail.com,1234,zaramalik228
Hassan,Khan,03882439158,hassankhan229@gmail.com,1234,hassankhan229
Zoya,Hussain,03450378867,zoyahussain230@gmail.com,1234,zoyahussain230
Amina,Ahmed,03175052940,aminaahmed231@gmail.com,1234,aminaahmed231
Safiya,Ali,03201173591,safiyaali232@gmail.com,1234,safiyaali232
Zainab,Khan,03670528772,zainabkhan233@gmail.com,1234,zainabkhan233
Ayesha,Malik,03998201993,ayeshamalik234@gmail.com,1234,ayeshamalik234
Zara,Malik,03132722665,zaramalik236@gmail.com,1234,zaramalik236
Hassan,Khan,03396036712,hassankhan237@gmail.com,1234,hassankhan237
Zoya,Hussain,03530008753,zoyahussain238@gmail.com,1234,zoyahussain238
Amina,Ahmed,03453241786,aminaahmed239@gmail.com,1234,aminaahmed239
Safiya,Ali,03010091299,safiyaali240@gmail.com,1234,safiyaali240
Zainab,Khan,03843961514,zainabkhan241@gmail.com,1234,zainabkhan241
Ayesha,Malik,03955028957,ayeshamalik242@gmail.com,1234,ayeshamalik242
Zara,Malik,03227584923,zaramalik244@gmail.com,1234,zaramalik244
Hassan,Khan,03666309358,hassankhan245@gmail.com,1234,hassankhan245
Zoya,Hussain,03526268733,zoyahussain246@gmail.com,1234,zoyahussain246
Amina,Ahmed,03450375339,aminaahmed247@gmail.com,1234,aminaahmed247
Safiya,Ali,03717128716,safiyaali248@gmail.com,1234,safiyaali248
Zainab,Khan,03847729532,zainabkhan249@gmail.com,1234,zainabkhan249
Ayesha,Malik,03318456700,ayeshamalik250@gmail.com,1234,ayeshamalik250
Zara,Malik,03005077176,zaramalik252@gmail.com,1234,zaramalik252
Hassan,Khan,03650223827,hassankhan253@gmail.com,1234,hassankhan253
Zoya,Hussain,03798821320,zoyahussain254@gmail.com,1234,zoyahussain254
Amina,Ahmed,03713124184,aminaahmed255@gmail.com,1234,aminaahmed255
Safiya,Ali,03181894532,safiyaali256@gmail.com,1234,safiyaali256
Zainab,Khan,03293548121,zainabkhan257@gmail.com,1234,zainabkhan257
Ayesha,Malik,03421622346,ayeshamalik258@gmail.com,1234,ayeshamalik258
Zara,Malik,03198984826,zaramalik260@gmail.com,1234,zaramalik260
Hassan,Khan,03052451921,hassankhan261@gmail.com,1234,hassankhan261
Zoya,Hussain,03500222505,zoyahussain262@gmail.com,1234,zoyahussain262
Amina,Ahmed,03368408631,aminaahmed263@gmail.com,1234,aminaahmed263
Safiya,Ali,03292636846,safiyaali264@gmail.com,1234,safiyaali264
Zainab,Khan,03344609320,zainabkhan265@gmail.com,1234,zainabkhan265
Ayesha,Malik,03736542302,ayeshamalik266@gmail.com,1234,ayeshamalik266
Zara,Malik,03082256785,zaramalik268@gmail.com,1234,zaramalik268
Hassan,Khan,03242670969,hassankhan269@gmail.com,1234,hassankhan269
Zoya,Hussain,03867276122,zoyahussain270@gmail.com,1234,zoyahussain270
Amina,Ahmed,03705417073,aminaahmed271@gmail.com,1234,aminaahmed271
Safiya,Ali,03387463191,safiyaali272@gmail.com,1234,safiyaali272
Zainab,Khan,03745725872,zainabkhan273@gmail.com,1234,zainabkhan273
Ayesha,Malik,03118957353,ayeshamalik274@gmail.com,1234,ayeshamalik274
Zara,Malik,03702156983,zaramalik276@gmail.com,1234,zaramalik276
Hassan,Khan,03637468550,hassankhan277@gmail.com,1234,hassankhan277
Zoya,Hussain,03993353348,zoyahussain278@gmail.com,1234,zoyahussain278
Amina,Ahmed,03638575465,aminaahmed279@gmail.com,1234,aminaahmed279
Safiya,Ali,03379279989,safiyaali280@gmail.com,1234,safiyaali280
Zainab,Khan,03712167097,zainabkhan281@gmail.com,1234,zainabkhan281
Ayesha,Malik,03815327388,ayeshamalik282@gmail.com,1234,ayeshamalik282
Ayesha,Hussain,03639790787,ayeshahussain283@gmail.com,1234,ayeshahussain283
Zainab,Ali,03534891652,zainabali284@gmail.com,1234,zainabali284
Fatima,Haider,03474818296,fatimahaider285@gmail.com,1234,fatimahaider285
Ahmed,Ali,03635669675,ahmedali286@gmail.com,1234,ahmedali286
Zara,Ahmed,03041305222,zaraahmed287@gmail.com,1234,zaraahmed287
Ali,Hussain,03572548895,alihussain288@gmail.com,1234,alihussain288
Zoya,Khan,03981856665,zoyakhan289@gmail.com,1234,zoyakhan289
Ayesha,Malik,03225561517,ayeshamalik290@gmail.com,1234,ayeshamalik290
Usman,Ahmed,03291554610,usmanahmed291@gmail.com,1234,usmanahmed291
Sami,Khan,03528584970,samikhan292@gmail.com,1234,samikhan292
Aisha,Aslam,03279554453,aishaaslam293@gmail.com,1234,aishaaslam293
Zahra,Ahmed,03298921158,zahraahmed294@gmail.com,1234,zahraahmed294
Safiya,Ali,03603347771,safiyaali295@gmail.com,1234,safiyaali295
Zaid,Ahmed,03353260148,zaidahmed296@gmail.com,1234,zaidahmed296
Maryam,Khan,03359580308,maryamkhan297@gmail.com,1234,maryamkhan297
Amina,Hussain,03604796756,aminahussain298@gmail.com,1234,aminahussain298
Rabia,Malik,03005181301,rabiamalik299@gmail.com,1234,rabiamalik299
Talha,Ahmed,03676216763,talhaahmed300@gmail.com,1234,talhaahmed300
Ayesha,Malik,03566513205,ayeshamalik301@gmail.com,1234,ayeshamalik301
Zoya,Khan,03264262889,zoyakhan302@gmail.com,1234,zoyakhan302
Safiya,Hussain,03094535465,safiyahussain303@gmail.com,1234,safiyahussain303
Ahmed,Malik,03606733576,ahmedmalik304@gmail.com,1234,ahmedmalik304
Zara,Khan,03941832611,zarakhan305@gmail.com,1234,zarakhan305
Hassan,Ali,03698961546,hassanali306@gmail.com,1234,hassanali306
Sami,Haider,03019569563,samihaider307@gmail.com,1234,samihaider307
Aisha,Malik,03745723076,aishamalik308@gmail.com,1234,aishamalik308
Zainab,Ali,03313399493,zainabali309@gmail.com,1234,zainabali309
Ali,Hussain,03118842233,alihussain310@gmail.com,1234,alihussain310
Zoya,Khan,03636544769,zoyakhan311@gmail.com,1234,zoyakhan311
Ahmed,Malik,03981328671,ahmedmalik312@gmail.com,1234,ahmedmalik312
Safiya,Ahmed,03862238694,safiyaahmed313@gmail.com,1234,safiyaahmed313
Zara,Malik,03211028465,zaramalik314@gmail.com,1234,zaramalik314
Hassan,Ali,03831060577,hassanali315@gmail.com,1234,hassanali315
Sami,Hussain,03696082759,samihussain316@gmail.com,1234,samihussain316
Ayesha,Ahmed,03463379380,ayeshaahmed317@gmail.com,1234,ayeshaahmed317
Zainab,Hussain,03272914510,zainabhussain318@gmail.com,1234,zainabhussain318
Sami,Ali,03400564368,samiali319@gmail.com,1234,samiali319
Aisha,Khan,03125625889,aishakhan320@gmail.com,1234,aishakhan320
Zoya,Malik,03071056637,zoyamalik321@gmail.com,1234,zoyamalik321
Ahmed,Ali,03249242004,ahmedali322@gmail.com,1234,ahmedali322
Zara,Ahmed,03656786006,zaraahmed323@gmail.com,1234,zaraahmed323
Safiya,Khan,03576907402,safiyakhan324@gmail.com,1234,safiyakhan324
Zainab,Hussain,03099466358,zainabhussain325@gmail.com,1234,zainabhussain325
Ayesha,Malik,03671267744,ayeshamalik326@gmail.com,1234,ayeshamalik326
Ali,Ahmed,03982733462,aliahmed327@gmail.com,1234,aliahmed327
Sami,Khan,03723556237,samikhan328@gmail.com,1234,samikhan328
Zoya,Ali,03446300858,zoyaali329@gmail.com,1234,zoyaali329
Ayesha,Malik,03178526295,ayeshamalik330@gmail.com,1234,ayeshamalik330
Ali,Ahmed,03658771850,aliahmed331@gmail.com,1234,aliahmed331
Zara,Khan,03407088453,zarakhan332@gmail.com,1234,zarakhan332
Sami,Ali,03019858088,samiali333@gmail.com,1234,samiali333
Zoya,Malik,03080519136,zoyamalik334@gmail.com,1234,zoyamalik334
Zainab,Khan,03093716833,zainabkhan336@gmail.com,1234,zainabkhan336
Ayesha,Malik,03800576548,ayeshamalik337@gmail.com,1234,ayeshamalik337
Ali,Ahmed,03590682409,aliahmed338@gmail.com,1234,aliahmed338
Zara,Khan,03787873042,zarakhan339@gmail.com,1234,zarakhan339
Sami,Ali,03310688004,samiali340@gmail.com,1234,samiali340
Zoya,Malik,03636815406,zoyamalik341@gmail.com,1234,zoyamalik341
Zainab,Khan,03018863380,zainabkhan343@gmail.com,1234,zainabkhan343
Ayesha,Malik,03279857138,ayeshamalik344@gmail.com,1234,ayeshamalik344
Ali,Ahmed,03761637052,aliahmed345@gmail.com,1234,aliahmed345
Zara,Khan,03433964200,zarakhan346@gmail.com,1234,zarakhan346
Sami,Ali,03514643047,samiali347@gmail.com,1234,samiali347
Zoya,Malik,03535791701,zoyamalik348@gmail.com,1234,zoyamalik348
Zainab,Khan,03138720260,zainabkhan350@gmail.com,1234,zainabkhan350
Ayesha,Malik,03207740523,ayeshamalik351@gmail.com,1234,ayeshamalik351
Ali,Ahmed,03645741579,aliahmed352@gmail.com,1234,aliahmed352
Zara,Khan,03459974769,zarakhan353@gmail.com,1234,zarakhan353
Sami,Ali,03639571244,samiali354@gmail.com,1234,samiali354
Zoya,Malik,03469713730,zoyamalik355@gmail.com,1234,zoyamalik355
Zainab,Khan,03013481074,zainabkhan357@gmail.com,1234,zainabkhan357
Ayesha,Malik,03463691962,ayeshamalik358@gmail.com,1234,ayeshamalik358
Ali,Ahmed,03552356330,aliahmed359@gmail.com,1234,aliahmed359
Zara,Khan,03395079593,zarakhan360@gmail.com,1234,zarakhan360
Sami,Ali,03163197990,samiali361@gmail.com,1234,samiali361
Zoya,Malik,03833201931,zoyamalik362@gmail.com,1234,zoyamalik362
Zainab,Khan,03069606044,zainabkhan364@gmail.com,1234,zainabkhan364
Ayesha,Malik,03911530062,ayeshamalik365@gmail.com,1234,ayeshamalik365
Ali,Ahmed,03432436847,aliahmed366@gmail.com,1234,aliahmed366
Zara,Khan,03728983835,zarakhan367@gmail.com,1234,zarakhan367
Sami,Ali,03599736482,samiali368@gmail.com,1234,samiali368
Zoya,Malik,03208942314,zoyamalik369@gmail.com,1234,zoyamalik369
Zainab,Khan,03772675960,zainabkhan371@gmail.com,1234,zainabkhan371
Ayesha,Malik,03062637625,ayeshamalik372@gmail.com,1234,ayeshamalik372
Ali,Ahmed,03682817112,aliahmed373@gmail.com,1234,aliahmed373
Zara,Khan,03596225381,zarakhan374@gmail.com,1234,zarakhan374
Sami,Ali,03112419025,samiali375@gmail.com,1234,samiali375
Zoya,Malik,03178905879,zoyamalik376@gmail.com,1234,zoyamalik376
Zainab,Khan,03579074182,zainabkhan378@gmail.com,1234,zainabkhan378
Ayesha,Malik,03584102244,ayeshamalik379@gmail.com,1234,ayeshamalik379
Ali,Ahmed,03621092622,aliahmed380@gmail.com,1234,aliahmed380
Zara,Khan,03753728350,zarakhan381@gmail.com,1234,zarakhan381
Sami,Ali,03974774449,samiali382@gmail.com,1234,samiali382
Zoya,Malik,03555301372,zoyamalik383@gmail.com,1234,zoyamalik383
Zainab,Khan,03730896080,zainabkhan385@gmail.com,1234,zainabkhan385
Ayesha,Malik,03935583181,ayeshamalik386@gmail.com,1234,ayeshamalik386
Ali,Ahmed,03209667406,aliahmed387@gmail.com,1234,aliahmed387
Zara,Khan,03177647700,zarakhan388@gmail.com,1234,zarakhan388
Sami,Ali,03957897330,samiali389@gmail.com,1234,samiali389
Zoya,Malik,03106436632,zoyamalik390@gmail.com,1234,zoyamalik390
Zainab,Khan,03279210117,zainabkhan392@gmail.com,1234,zainabkhan392
Ayesha,Malik,03836811703,ayeshamalik393@gmail.com,1234,ayeshamalik393
Ali,Ahmed,03333677019,aliahmed394@gmail.com,1234,aliahmed394
Zara,Khan,03476372929,zarakhan395@gmail.com,1234,zarakhan395
Sami,Ali,03725444546,samiali396@gmail.com,1234,samiali396
Zoya,Malik,03370058208,zoyamalik397@gmail.com,1234,zoyamalik397
Zainab,Khan,03692138031,zainabkhan399@gmail.com,1234,zainabkhan399
Ayesha,Malik,03818877583,ayeshamalik400@gmail.com,1234,ayeshamalik400
Ali,Ahmed,03662967884,aliahmed401@gmail.com,1234,aliahmed401
Zara,Khan,03547177689,zarakhan402@gmail.com,1234,zarakhan402
Sami,Ali,03564968951,samiali403@gmail.com,1234,samiali403
Zoya,Malik,03760496732,zoyamalik404@gmail.com,1234,zoyamalik404
Zainab,Khan,03026345118,zainabkhan406@gmail.com,1234,zainabkhan406
Ayesha,Malik,03289422723,ayeshamalik407@gmail.com,1234,ayeshamalik407
Ali,Ahmed,03486034528,aliahmed408@gmail.com,1234,aliahmed408
Zara,Khan,03016975219,zarakhan409@gmail.com,1234,zarakhan409
Sami,Ali,03359884028,samiali410@gmail.com,1234,samiali410
Zoya,Malik,03411358982,zoyamalik411@gmail.com,1234,zoyamalik411
Zainab,Khan,03632515805,zainabkhan413@gmail.com,1234,zainabkhan413
Ayesha,Malik,03287498111,ayeshamalik414@gmail.com,1234,ayeshamalik414
Ali,Ahmed,03286504128,aliahmed415@gmail.com,1234,aliahmed415
Zara,Khan,03057526165,zarakhan416@gmail.com,1234,zarakhan416
Sami,Ali,03194805920,samiali417@gmail.com,1234,samiali417
Zoya,Malik,03238727989,zoyamalik418@gmail.com,1234,zoyamalik418
Zainab,Khan,03528885554,zainabkhan420@gmail.com,1234,zainabkhan420
Ayesha,Malik,03414046446,ayeshamalik421@gmail.com,1234,ayeshamalik421
Ali,Ahmed,03454439463,aliahmed422@gmail.com,1234,aliahmed422
Zara,Khan,03615471444,zarakhan423@gmail.com,1234,zarakhan423
Sami,Ali,03287815681,samiali424@gmail.com,1234,samiali424
Zoya,Malik,03454614448,zoyamalik425@gmail.com,1234,zoyamalik425
Zainab,Khan,03128345430,zainabkhan427@gmail.com,1234,zainabkhan427
Ayesha,Malik,03765322262,ayeshamalik428@gmail.com,1234,ayeshamalik428
Ali,Ahmed,03574681917,aliahmed429@gmail.com,1234,aliahmed429
Zara,Khan,03728374917,zarakhan430@gmail.com,1234,zarakhan430
Sami,Ali,03914087635,samiali431@gmail.com,1234,samiali431
Zoya,Malik,03223694458,zoyamalik432@gmail.com,1234,zoyamalik432
Zainab,Khan,03961341573,zainabkhan434@gmail.com,1234,zainabkhan434
Ayesha,Malik,03334938396,ayeshamalik435@gmail.com,1234,ayeshamalik435
Ali,Ahmed,03587708297,aliahmed436@gmail.com,1234,aliahmed436
Zara,Khan,03562768755,zarakhan437@gmail.com,1234,zarakhan437
Sami,Ali,03419247867,samiali438@gmail.com,1234,samiali438
Zoya,Malik,03680101216,zoyamalik439@gmail.com,1234,zoyamalik439
Zainab,Khan,03748809641,zainabkhan441@gmail.com,1234,zainabkhan441
Ayesha,Malik,03091925096,ayeshamalik442@gmail.com,1234,ayeshamalik442
Ali,Ahmed,03943681915,aliahmed443@gmail.com,1234,aliahmed443
Zara,Khan,03653849928,zarakhan444@gmail.com,1234,zarakhan444
Sami,Ali,03444372909,samiali445@gmail.com,1234,samiali445
Zoya,Malik,03586372974,zoyamalik446@gmail.com,1234,zoyamalik446
Zainab,Khan,03002770535,zainabkhan448@gmail.com,1234,zainabkhan448
Ayesha,Malik,03571302764,ayeshamalik449@gmail.com,1234,ayeshamalik449
Ali,Ahmed,03072753993,aliahmed450@gmail.com,1234,aliahmed450
Zara,Khan,03518368421,zarakhan451@gmail.com,1234,zarakhan451
Sami,Ali,03136604358,samiali452@gmail.com,1234,samiali452
Zoya,Malik,03060994349,zoyamalik453@gmail.com,1234,zoyamalik453
Zainab,Khan,03623664174,zainabkhan455@gmail.com,1234,zainabkhan455
Ayesha,Malik,03457211649,ayeshamalik456@gmail.com,1234,ayeshamalik456
Ali,Ahmed,03714988932,aliahmed457@gmail.com,1234,aliahmed457
Zara,Khan,03874856881,zarakhan458@gmail.com,1234,zarakhan458
Sami,Ali,03828780561,samiali459@gmail.com,1234,samiali459
Zoya,Malik,03203303567,zoyamalik460@gmail.com,1234,zoyamalik460
Zainab,Khan,03774317862,zainabkhan462@gmail.com,1234,zainabkhan462
Ayesha,Malik,03629663519,ayeshamalik463@gmail.com,1234,ayeshamalik463
Ali,Ahmed,03680795090,aliahmed464@gmail.com,1234,aliahmed464
Zara,Khan,03275261681,zarakhan465@gmail.com,1234,zarakhan465
Sami,Ali,03223225343,samiali466@gmail.com,1234,samiali466
Zoya,Malik,03744741842,zoyamalik467@gmail.com,1234,zoyamalik467
Zainab,Khan,03700465042,zainabkhan469@gmail.com,1234,zainabkhan469
Ayesha,Malik,03946315334,ayeshamalik470@gmail.com,1234,ayeshamalik470
Ali,Ahmed,03828244209,aliahmed471@gmail.com,1234,aliahmed471
Zara,Khan,03119057121,zarakhan472@gmail.com,1234,zarakhan472
Sami,Ali,03328395391,samiali473@gmail.com,1234,samiali473
Zoya,Malik,03267584525,zoyamalik474@gmail.com,1234,zoyamalik474
Zainab,Khan,03550196201,zainabkhan476@gmail.com,1234,zainabkhan476
Ayesha,Malik,03114472942,ayeshamalik477@gmail.com,1234,ayeshamalik477
Ali,Ahmed,03144350537,aliahmed478@gmail.com,1234,aliahmed478
Zara,Khan,03001667141,zarakhan479@gmail.com,1234,zarakhan479
Sami,Ali,03795327720,samiali480@gmail.com,1234,samiali480
Zoya,Malik,03411981588,zoyamalik481@gmail.com,1234,zoyamalik481
Zainab,Khan,03591739527,zainabkhan483@gmail.com,1234,zainabkhan483
Ayesha,Malik,03221696818,ayeshamalik484@gmail.com,1234,ayeshamalik484
Ali,Ahmed,03619488685,aliahmed485@gmail.com,1234,aliahmed485
Zara,Khan,03253608345,zarakhan486@gmail.com,1234,zarakhan486
Sami,Ali,03340034895,samiali487@gmail.com,1234,samiali487
Zoya,Malik,03890805698,zoyamalik488@gmail.com,1234,zoyamalik488
Zainab,Khan,03499467146,zainabkhan490@gmail.com,1234,zainabkhan490
Ayesha,Malik,03900503248,ayeshamalik491@gmail.com,1234,ayeshamalik491
Ali,Ahmed,03491398566,aliahmed492@gmail.com,1234,aliahmed492
Zara,Khan,03227189259,zarakhan493@gmail.com,1234,zarakhan493
Sami,Ali,03896733704,samiali494@gmail.com,1234,samiali494
Zoya,Malik,03614415721,zoyamalik495@gmail.com,1234,zoyamalik495
Zainab,Khan,03825021173,zainabkhan497@gmail.com,1234,zainabkhan497
Ayesha,Malik,03993598113,ayeshamalik498@gmail.com,1234,ayeshamalik498
Ali,Ahmed,03825761115,aliahmed499@gmail.com,1234,aliahmed499
Zara,Khan,03249532873,zarakhan500@gmail.com,1234,zarakhan500
Sami,Ali,03882595680,samiali501@gmail.com,1234,samiali501
Zoya,Malik,03090980188,zoyamalik502@gmail.com,1234,zoyamalik502
Mohammad,Hussain,03677742811,mohammadhussain@gmail.com,1234,mohammadhussain
Ayesha,Mirza,03513857302,ayeshamirza@gmail.com,1234,ayeshamirza
Usman,Siddiqui,03571413118,usmansiddiqui@gmail.com,1234,usmansiddiqui
Amina,Shah,03304371355,aminashah@gmail.com,1234,aminashah
Aliya,Khan,03856999491,aliyakhan@gmail.com,1234,aliyakhan
Abdullah,Haider,03086262453,abdullahhaider@gmail.com,1234,abdullahhaider
Saima,Rehman,03794968215,saimarehman@gmail.com,1234,saimarehman
Bilal,Aslam,03101138117,bilalaslam@gmail.com,1234,bilalaslam
Zainab,Arif,03092350246,zainabarif@gmail.com,1234,zainabarif
Naveed,Khan,03400742686,naveedkhan@gmail.com,1234,naveedkhan
Adnan,Malik,03731899875,adnanmalik@gmail.com,1234,adnanmalik
Ayesha,Khalid,03700039948,ayeshakhalid@gmail.com,1234,ayeshakhalid
Fahad,Iqbal,03400059272,fahadiqbal@gmail.com,1234,fahadiqbal
Saba,Asghar,03160240598,sabaasghar@gmail.com,1234,sabaasghar
Tariq,Ali,03893511852,tariqali@gmail.com,1234,tariqali
Fariha,Hassan,03157006298,farihahassan@gmail.com,1234,farihahassan
Saad,Khan,03362224458,saadkhan@gmail.com,1234,saadkhan
Mahnoor,Khan,03822291907,mahnoorkhan@gmail.com,1234,mahnoorkhan
Noman,Ahmed,03811073062,nomanahmed@gmail.com,1234,nomanahmed
Iqra,Asif,03291018612,iqraasif@gmail.com,1234,iqraasif
Samia,Ahmed,03321471497,samiaahmed@gmail.com,1234,samiaahmed
Aamir,Aslam,03398762209,aamir.aslam@gmail.com,1234,aamir.aslam
Sadia,Iqbal,03660807286,sadia.iqbal@gmail.com,1234,sadia.iqbal
Kashif,Khan,03971552865,kashif.khan@gmail.com,1234,kashif.khan
Saima,Raza,03711902306,saima.raza@gmail.com,1234,saima.raza
Imran,Khan,03059825537,imran.khan@gmail.com,1234,imran.khan
Sumaira,Malik,03524388435,sumaira.malik@gmail.com,1234,sumaira.malik
Ahsan,Khan,03059265764,ahsan.khan@gmail.com,1234,ahsan.khan
Fiza,Asif,03198145045,fiza.asif@gmail.com,1234,fiza.asif
Imran,Aslam,03620689297,imran.aslam@gmail.com,1234,imran.aslam
Fatima,Nawaz,03099022767,fatima.nawaz@gmail.com,1234,fatima.nawaz
Saad,Aslam,03877411032,saad.aslam@gmail.com,1234,saad.aslam
Farhan,Ahmed,03645334209,farhan.ahmed@gmail.com,1234,farhan.ahmed
Nadia,Hassan,03969599324,nadia.hassan@gmail.com,1234,nadia.hassan
Rizwan,Arif,03915454065,rizwan.arif@gmail.com,1234,rizwan.arif
Nida,Hussain,03571343590,nida.hussain@gmail.com,1234,nida.hussain
Nabeel,Khan,03325273647,nabeel.khan@gmail.com,1234,nabeel.khan
Zohaib,Ahmed,03378654566,zohaib.ahmed@gmail.com,1234,zohaib.ahmed
Sadia,Hassan,03374411075,sadia.hassan@gmail.com,1234,sadia.hassan
Rabia,Khan,03166085321,rabia.khan@gmail.com,1234,rabia.khan
Ayesha,Malik,03194202286,ayesha.malik@gmail.com,1234,ayesha.malik
Amna,Shah,03722131940,amna.shah@gmail.com,1234,amna.shah
Ahmed,Asif,03986016217,ahmed.asif@gmail.com,1234,ahmed.asif
Zainab,Ahmed,03155901753,zainab.ahmed@gmail.com,1234,zainab.ahmed
Nida,Khan,03185941693,nida.khan@gmail.com,1234,nida.khan
Ayesha,Arif,03037408672,ayesha.arif@gmail.com,1234,ayesha.arif
Zainab,Khan,03049231996,zainab.khan@gmail.com,1234,zainab.khan
Muhammad,Aslam,03916186448,muhammad.aslam@gmail.com,1234,muhammad.aslam
Faisal,Shah,03776635558,faisal.shah@gmail.com,1234,faisal.shah
Hina,Khan,03201961903,hina.khan@gmail.com,1234,hina.khan
Sana,Arif,03104543131,sana.arif@gmail.com,1234,sana.arif
Faisal,Khan,03553613014,faisal.khan@gmail.com,1234,faisal.khan
Ayesha,Iqbal,03693597396,ayesha.iqbal@gmail.com,1234,ayesha.iqbal
Hafsa,Malik,03498369017,hafsa.malik@gmail.com,1234,hafsa.malik
Ayesha,Shah,03462635505,ayesha.shah@gmail.com,1234,ayesha.shah
Imran,Arif,03417705879,imran.arif@gmail.com,1234,imran.arif
Bilal,Hassan,03860185163,bilal.hassan@gmail.com,1234,bilal.hassan
Aisha,Khan,03952365586,aisha.khan@gmail.com,1234,aisha.khan
Sumaira,Ali,03315117813,sumaira.ali@gmail.com,1234,sumaira.ali
Nadia,Malik,03911705530,nadia.malik@gmail.com,1234,nadia.malik
Mohammad,Ahmed,03284860009,mohammad.ahmed@gmail.com,1234,mohammad.ahmed
Ali,Raza,03949176444,ali.raza@gmail.com,1234,ali.raza
Farah,Ali,03718591983,farah.ali@gmail.com,1234,farah.ali
Ghulam,Mustafa,03192467364,ghulam.mustafa@gmail.com,1234,ghulam.mustafa
Hassan,Khan,03547948064,hassan.khan@gmail.com,1234,hassan.khan
Imran,Ahmed,03406788832,imran.ahmed@gmail.com,1234,imran.ahmed
Javeria,Ali,03535095813,javeria.ali@gmail.com,1234,javeria.ali
Kamran,Ahmed,03741277549,kamran.ahmed@gmail.com,1234,kamran.ahmed
Lubna,Khan,03904063516,lubna.khan@gmail.com,1234,lubna.khan
Mohammad,Ali,03553357858,mohammad.ali@gmail.com,1234,mohammad.ali
Nadia,Hussain,03892538633,nadia.hussain@gmail.com,1234,nadia.hussain
Omar,Khan,03081660091,omar.khan@gmail.com,1234,omar.khan
Parveen,Ahmed,03754257732,parveen.ahmed@gmail.com,1234,parveen.ahmed
Qasim,Ali,03610427958,qasim.ali@gmail.com,1234,qasim.ali
Saim,Ahmed,03930482475,saim.ahmed@gmail.com,1234,saim.ahmed
Tania,Ali,03048666482,tania.ali@gmail.com,1234,tania.ali
Umar,Khan,03469612261,umar.khan@gmail.com,1234,umar.khan
Vasim,Ahmed,03728318162,vasim.ahmed@gmail.com,1234,vasim.ahmed
Wajid,Khan,03487883655,wajid.khan@gmail.com,1234,wajid.khan
Xenia,Ali,03615264685,xenia.ali@gmail.com,1234,xenia.ali
Yasir,Hussain,03102749121,yasir.hussain@gmail.com,1234,yasir.hussain
Ahmed,Raza,03494401448,ahmed.raza@gmail.com,1234,ahmed.raza
Aisha,Ahmed,03944323494,aisha.ahmed@gmail.com,1234,aisha.ahmed
Ali,Aslam,03172826001,ali.aslam@gmail.com,1234,ali.aslam
Amina,Shahid,03056902543,amina.shahid@gmail.com,1234,amina.shahid
Babar,Rasheed,03034103152,babar.rasheed@gmail.com,1234,babar.rasheed
Fariha,Khalid,03521409848,fariha.khalid@gmail.com,1234,fariha.khalid
Gul,Khan,03437449775,gul.khan@gmail.com,1234,gul.khan
Haris,Khan,03569158006,haris.khan@gmail.com,1234,haris.khan
Iqbal,Aslam,03471317747,iqbal.aslam@gmail.com,1234,iqbal.aslam
Jamal,Malik,03834990401,jamal.malik@gmail.com,1234,jamal.malik
Kainat,Khan,03985736516,kainat.khan@gmail.com,1234,kainat.khan
Laila,Akhtar,03156605140,laila.akhtar@gmail.com,1234,laila.akhtar
Majid,Ahmed,03824100021,majid.ahmed@gmail.com,1234,majid.ahmed
Naeem,Raza,03588795963,naeem.raza@gmail.com,1234,naeem.raza
Parveen,Ali,03842171444,parveen.ali@gmail.com,1234,parveen.ali
Qamar,Khan,03966967649,qamar.khan@gmail.com,1234,qamar.khan
Rizwan,Hussain,03403080389,rizwan.hussain@gmail.com,1234,rizwan.hussain
Saba,Ahmed,03316042841,saba.ahmed@gmail.com,1234,saba.ahmed
Tariq,Ali,03053288642,tariq.ali@gmail.com,1234,tariq.ali
Vasim,Khan,03010972562,vasim.khan@gmail.com,1234,vasim.khan
Wajid,Hussain,03573063950,wajid.hussain@gmail.com,1234,wajid.hussain
Xena,Ahmed,03117061764,xena.ahmed@gmail.com,1234,xena.ahmed
Yasir,Khan,03455711076,yasir.khan@gmail.com,1234,yasir.khan
Zainab,Ali,03433685470,zainab.ali@gmail.com,1234,zainab.ali
Adeel,Ahmed,03642649751,adeel.ahmed@gmail.com,1234,adeel.ahmed
Farhan,Malik,03619409476,farhan.malik@gmail.com,1234,farhan.malik
Ghulam,Khan,03300650385,ghulam.khan@gmail.com,1234,ghulam.khan
Hira,Ahmed,03871656700,hira.ahmed@gmail.com,1234,hira.ahmed
Jawad,Malik,03165102840,jawad.malik@gmail.com,1234,jawad.malik
Kamran,Hussain,03701707832,kamran.hussain@gmail.com,1234,kamran.hussain
Laraib,Ali,03006042934,laraib.ali@gmail.com,1234,laraib.ali
Mohsin,Khan,03724737617,mohsin.khan@gmail.com,1234,mohsin.khan
Nadia,Ahmed,03200086130,nadia.ahmed@gmail.com,1234,nadia.ahmed
Parveen,Hussain,03984363851,parveen.hussain@gmail.com,1234,parveen.hussain
Qasim,Khan,03079999927,qasim.khan@gmail.com,1234,qasim.khan
Rizwan,Ahmed,03100660492,rizwan.ahmed@gmail.com,1234,rizwan.ahmed
Saim,Khan,03102859224,saim.khan@gmail.com,1234,saim.khan
Tania,Malik,03256810480,tania.malik@gmail.com,1234,tania.malik
Umar,Hussain,03872304421,umar.hussain@gmail.com,1234,umar.hussain
Vasim,Malik,03417287209,vasim.malik@gmail.com,1234,vasim.malik
Wajid,Ahmed,03875024899,wajid.ahmed@gmail.com,1234,wajid.ahmed
Xenia,Khan,03683905623,xenia.khan@gmail.com,1234,xenia.khan
Yasir,Ahmed,03960221218,yasir.ahmed@gmail.com,1234,yasir.ahmed
Adeel,Malik,03186131108,adeel.malik@gmail.com,1234,adeel.malik
Bilal,Ahmed,03297664871,bilal.ahmed@gmail.com,1234,bilal.ahmed
Farhan,Khan,03029697900,farhan.khan@gmail.com,1234,farhan.khan
Ghulam,Hussain,03131660125,ghulam.hussain@gmail.com,1234,ghulam.hussain
Hira,Malik,03644920630,hira.malik@gmail.com,1234,hira.malik
Jawad,Khan,03804405388,jawad.khan@gmail.com,1234,jawad.khan
Laraib,Khan,03133953480,laraib.khan@gmail.com,1234,laraib.khan
Mohsin,Ahmed,03523299306,mohsin.ahmed@gmail.com,1234,mohsin.ahmed
Nadia,Khan,03989237321,nadia.khan@gmail.com,1234,nadia.khan
Omar,Hussain,03587055638,omar.hussain@gmail.com,1234,omar.hussain
Parveen,Malik,03664594549,parveen.malik@gmail.com,1234,parveen.malik
Qasim,Ahmed,03580331011,qasim.ahmed@gmail.com,1234,qasim.ahmed
Rizwan,Khan,03885530846,rizwan.khan@gmail.com,1234,rizwan.khan
Saim,Hussain,03197563300,saim.hussain@gmail.com,1234,saim.hussain
Tania,Ahmed,03550042816,tania.ahmed@gmail.com,1234,tania.ahmed
Umar,Malik,03998101645,umar.malik@gmail.com,1234,umar.malik
Xenia,Ahmed,03651550767,xenia.ahmed@gmail.com,1234,xenia.ahmed
Adeel,Khan,03645645910,adeel.khan@gmail.com,1234,adeel.khan
Ghulam,Ahmed,03160287122,ghulam.ahmed@gmail.com,1234,ghulam.ahmed
Hira,Khan,03550703495,hira.khan@gmail.com,1234,hira.khan
Imran,Malik,03502729084,imran.malik@gmail.com,1234,imran.malik
Jawad,Ahmed,03998167654,jawad.ahmed@gmail.com,1234,jawad.ahmed
Kamran,Khan,03297549598,kamran.khan@gmail.com,1234,kamran.khan
Laraib,Ahmed,03892366066,laraib.ahmed@gmail.com,1234,laraib.ahmed
Tania,Khan,03634096938,tania.khan@gmail.com,1234,tania.khan
Xenia,Hussain,03957916225,xenia.hussain@gmail.com,1234,xenia.hussain
Ahmad,Sameer,03724623763,sameer.ahmad@gmail.com,1234,sameer.ahmad
Khan,Tahira,03772550741,tahira.khan@gmail.com,1234,tahira.khan
Hussain,Usman,03761313341,usman.hussain@gmail.com,1234,usman.hussain
Ali,Vasim,03114563781,vasim.ali@gmail.com,1234,vasim.ali
Khan,Wafa,03425477766,wafa.khan@gmail.com,1234,wafa.khan
Hussain,Xena,03203623808,xena.hussain@gmail.com,1234,xena.hussain
Ahmad,Yasir,03928424828,yasir.ahmad@gmail.com,1234,yasir.ahmad
Ahmad,Adeel,03117624257,adeel.ahmad@gmail.com,1234,adeel.ahmad
Ahmad,Ghulam,03526119050,ghulam.ahmad@gmail.com,1234,ghulam.ahmad
Ahmad,Jawad,03087823841,jawad.ahmad@gmail.com,1234,jawad.ahmad
Khan,Kiran,03444920605,kiran.khan@gmail.com,1234,kiran.khan
Ahmad,Laraib,03863005602,laraib.ahmad@gmail.com,1234,laraib.ahmad
Ahmad,Nadia,03744924870,nadia.ahmad@gmail.com,1234,nadia.ahmad
Ahmad,Parveen,03844802323,parveen.ahmad@gmail.com,1234,parveen.ahmad
Khan,Quratulain,03822138077,quratulain.khan@gmail.com,1234,quratulain.khan
Ahmad,Salma,03718869758,salma.ahmad@gmail.com,1234,salma.ahmad
Khan,Tariq,03296885999,tariq.khan@gmail.com,1234,tariq.khan
Ahmad,Umair,03471733772,umair.ahmad@gmail.com,1234,umair.ahmad
Khan,Veena,03140548214,veena.khan@gmail.com,1234,veena.khan
Ahmad,Waqas,03757387648,waqas.ahmad@gmail.com,1234,waqas.ahmad
Ahmad,Yasmeen,03889132243,yasmeen.ahmad@gmail.com,1234,yasmeen.ahmad
Khan,Zaheer,03792295049,zaheer.khan@gmail.com,1234,zaheer.khan
Ahmad,Aysha,03002199118,aysha.ahmad@gmail.com,1234,aysha.ahmad
Khan,Babar,03872185702,babar.khan@gmail.com,1234,babar.khan
Ahmad,Danish,03175152175,danish.ahmad@gmail.com,1234,danish.ahmad
Khan,Esha,03818592677,esha.khan@gmail.com,1234,esha.khan
Ahmad,Fahad,03265801198,fahad.ahmad@gmail.com,1234,fahad.ahmad
Ahmad,Hira,03169333989,hira.ahmad@gmail.com,1234,hira.ahmad
Khan,Irfan,03632019580,irfan.khan@gmail.com,1234,irfan.khan
Ahmad,Javed,03770115615,javed.ahmad@gmail.com,1234,javed.ahmad
Khan,Komal,03426165899,komal.khan@gmail.com,1234,komal.khan
Ahmad,Lubna,03890455289,lubna.ahmad@gmail.com,1234,lubna.ahmad
Khan,Majid,03724313578,majid.khan@gmail.com,1234,majid.khan
Ahmad,Nabeel,03258117562,nabeel.ahmad@gmail.com,1234,nabeel.ahmad
Khan,Obaid,03767610317,obaid.khan@gmail.com,1234,obaid.khan
Ahmad,Pervaiz,03881568293,pervaiz.ahmad@gmail.com,1234,pervaiz.ahmad
Ahmad,Rahila,03720618183,rahila.ahmad@gmail.com,1234,rahila.ahmad
Khan,Sadia,03228132832,sadia.khan@gmail.com,1234,sadia.khan
Ahmad,Tahir,03395987229,tahir.ahmad@gmail.com,1234,tahir.ahmad
Khan,Uzma,03478054765,uzma.khan@gmail.com,1234,uzma.khan
Ahmed,Sameera,03354907222,sameera.ahmed@gmail.com,1234,sameera.ahmed
Ahmed,Salma,03735888768,salma.ahmed@gmail.com,1234,salma.ahmed
Ahmed,Umair,03772310677,umair.ahmed@gmail.com,1234,umair.ahmed
Ahmed,Waqas,03270559763,waqas.ahmed@gmail.com,1234,waqas.ahmed
Ahmed,Yasmeen,03558744568,yasmeen.ahmed@gmail.com,1234,yasmeen.ahmed
Ahmed,Aysha,03843984431,aysha.ahmed@gmail.com,1234,aysha.ahmed
Ahmed,Danish,03602465888,danish.ahmed@gmail.com,1234,danish.ahmed
Ahmed,Fahad,03605168036,fahad.ahmed@gmail.com,1234,fahad.ahmed
Ahmed,Javed,03179841408,javed.ahmed@gmail.com,1234,javed.ahmed
Ahmed,Lubna,03322456950,lubna.ahmed@gmail.com,1234,lubna.ahmed
Ahmed,Nabeel,03016960222,nabeel.ahmed@gmail.com,1234,nabeel.ahmed
Ahmad,Wajid,03014402391,wajid.ahmad@gmail.com,1234,wajid.ahmad
Khan,Xena,03245438838,xena.khan@gmail.com,1234,xena.khan
Khan,Danial,03614620685,danial.khan@gmail.com,1234,danial.khan
Ahmed,Esha,03778204902,esha.ahmed@gmail.com,1234,esha.ahmed
Ahmed,Ghazala,03556371785,ghazala.ahmed@gmail.com,1234,ghazala.ahmed
Khan,Hafsa,03068508128,hafsa.khan@gmail.com,1234,hafsa.khan
Ahmed,Irfan,03244246731,irfan.ahmed@gmail.com,1234,irfan.ahmed
Khan,Javed,03060426376,javed.khan@gmail.com,1234,javed.khan
Ahmed,Komal,03189998371,komal.ahmed@gmail.com,1234,komal.ahmed
Ahmed,Obaid,03704881030,obaid.ahmed@gmail.com,1234,obaid.ahmed
Khan,Pervaiz,03775913431,pervaiz.khan@gmail.com,1234,pervaiz.khan
Khan,Rahila,03053863831,rahila.khan@gmail.com,1234,rahila.khan
Khan,Tahir,03568511659,tahir.khan@gmail.com,1234,tahir.khan
Ahmed,Uzma,03573388919,uzma.ahmed@gmail.com,1234,uzma.ahmed
Abdul,Ali,03881578455,abdul.ali@gmail.com,1234,abdul.ali
Gulshan,Hussain,03683736579,gulshan.hussain@gmail.com,1234,gulshan.hussain
Iqra,Ahmed,03700193308,iqra.ahmed@gmail.com,1234,iqra.ahmed
Lubna,Ali,03364277999,lubna.ali@gmail.com,1234,lubna.ali
Mohammad,Hussain,03853898677,mohammad.hussain@gmail.com,1234,mohammad.hussain
Omar,Ahmad,03856514070,omar.ahmad@gmail.com,1234,omar.ahmad
Pari,Khan,03327791522,pari.khan@gmail.com,1234,pari.khan
Saba,Ahmad,03051289203,saba.ahmad@gmail.com,1234,saba.ahmad
Uzma,Ali,03949092380,uzma.ali@gmail.com,1234,uzma.ali
Waqar,Khan,03974720012,waqar.khan@gmail.com,1234,waqar.khan
Bilquis,Khan,03778366741,bilquis.khan@gmail.com,1234,bilquis.khan
Danish,Ali,03107647371,danish.ali@gmail.com,1234,danish.ali
Eman,Khan,03878858587,eman.khan@gmail.com,1234,eman.khan
Gulshan,Khan,03696315433,gulshan.khan@gmail.com,1234,gulshan.khan
Hina,Ali,03825905702,hina.ali@gmail.com,1234,hina.ali
Jasmine,Ahmed,03312760595,jasmine.ahmed@gmail.com,1234,jasmine.ahmed
Lubna,Hussain,03588423194,lubna.hussain@gmail.com,1234,lubna.hussain
Mohammad,Khan,03473339296,mohammad.khan@gmail.com,1234,mohammad.khan
Nadia,Ali,03645420481,nadia.ali@gmail.com,1234,nadia.ali
Rabia,Ali,03974367901,rabia.ali@gmail.com,1234,rabia.ali
Tariq,Ahmed,03520912248,tariq.ahmed@gmail.com,1234,tariq.ahmed
Waqar,Ahmed,03372588978,waqar.ahmed@gmail.com,1234,waqar.ahmed
Danish,Khan,03081861216,danish.khan@gmail.com,1234,danish.khan
Eman,Ahmed,03906285218,eman.ahmed@gmail.com,1234,eman.ahmed
Fahad,Khan,03268694027,fahad.khan@gmail.com,1234,fahad.khan
Gulshan,Ahmed,03772010358,gulshan.ahmed@gmail.com,1234,gulshan.ahmed
Jasmine,Khan,03497091635,jasmine.khan@gmail.com,1234,jasmine.khan
Omar,Ali,03981547410,omar.ali@gmail.com,1234,omar.ali
Parveen,Khan,03447648919,parveen.khan@gmail.com,1234,parveen.khan
Saba,Ali,03875430146,saba.ali@gmail.com,1234,saba.ali
Fahad,Ali,03771533847,fahad.ali@gmail.com,1234,fahad.ali
Hina,Ahmed,03641826104,hina.ahmed@gmail.com,1234,hina.ahmed
Aliya,Ahmed,03881081745,aliya.ahmed@gmail.com,1234,aliya.ahmed
Cynthia,Ali,03403444835,cynthia.ali@gmail.com,1234,cynthia.ali
Emaan,Ahmed,03415590911,emaan.ahmed@gmail.com,1234,emaan.ahmed
Faiza,Khan,03983556288,faiza.khan@gmail.com,1234,faiza.khan
Haider,Khan,03108765107,haider.khan@gmail.com,1234,haider.khan
Irum,Ahmed,03312626668,irum.ahmed@gmail.com,1234,irum.ahmed
Maha,Ahmed,03629456535,maha.ahmed@gmail.com,1234,maha.ahmed
Omar,Ahmed,03120660761,omar.ahmed@gmail.com,1234,omar.ahmed
Quratulain,Ahmed,03251161415,quratulain.ahmed@gmail.com,1234,quratulain.ahmed
Talha,Khan,03904624739,talha.khan@gmail.com,1234,talha.khan
Vikram,Khan,03423269596,vikram.khan@gmail.com,1234,vikram.khan
Wajiha,Ahmed,03953509055,wajiha.ahmed@gmail.com,1234,wajiha.ahmed
Xavier,Khan,03712882438,xavier.khan@gmail.com,1234,xavier.khan
Yusra,Ahmed,03928332931,yusra.ahmed@gmail.com,1234,yusra.ahmed
Zaid,Khan,03570522366,zaid.khan@gmail.com,1234,zaid.khan
Aamir,Ahmed,03508299562,aamir.ahmed@gmail.com,1234,aamir.ahmed
Beenish,Khan,03523258958,beenish.khan@gmail.com,1234,beenish.khan
Cyrus,Ahmed,03534935119,cyrus.ahmed@gmail.com,1234,cyrus.ahmed
Dua,Khan,03283648340,dua.khan@gmail.com,1234,dua.khan
Eshaal,Ahmed,03451579017,eshaal.ahmed@gmail.com,1234,eshaal.ahmed
Farah,Khan,03761106698,farah.khan@gmail.com,1234,farah.khan
Ghazanfar,Ahmed,03160842056,ghazanfar.ahmed@gmail.com,1234,ghazanfar.ahmed
Haniya,Khan,03136997440,haniya.khan@gmail.com,1234,haniya.khan
Jannat,Khan,03308893791,jannat.khan@gmail.com,1234,jannat.khan
Kainat,Ahmed,03052529666,kainat.ahmed@gmail.com,1234,kainat.ahmed
Nimra,Khan,03511221341,nimra.khan@gmail.com,1234,nimra.khan
Ovais,Ahmed,03541853097,ovais.ahmed@gmail.com,1234,ovais.ahmed
