date_of_birth,gender,marital_status,religion,nationality,cnic,office_number,address
1980-01-01,male,single,Islam,Pakistani,123451234512345,1001,123 Street Lahore
1979-02-02,female,married,Islam,Pakistani,234562345623456,1002,456 Street Karachi
1978-03-03,male,other,Islam,Pakistani,345673456734567,1003,789 Street Islamabad
1977-04-04,female,single,Islam,Pakistani,456784567845678,1004,012 Street Lahore
1976-05-05,male,married,Islam,Pakistani,567895678956789,1005,345 Street Karachi
1975-06-06,female,other,Islam,Pakistani,678906789067890,1006,678 Street Islamabad
1974-07-07,male,single,Islam,Pakistani,789017890178901,1007,901 Street Lahore
1973-08-08,female,married,Islam,Pakistani,890128901289012,1008,234 Street Karachi
1972-09-09,male,other,Islam,Pakistani,901239012390123,1009,567 Street Islamabad
1971-10-10,female,single,Islam,Pakistani,012340123401234,1010,890 Street Lahore
1970-11-11,male,married,Islam,Pakistani,123451234512345,1011,9012 Street Karachi
1969-12-12,female,other,Islam,Pakistani,234562345623456,1012,3456 Street Islamabad
1968-01-13,male,single,Islam,Pakistani,345673456734567,1013,6789 Street Lahore
1967-02-14,female,married,Islam,Pakistani,456784567845678,1014,0123 Street Karachi
1966-03-15,male,other,Islam,Pakistani,567895678956789,1015,2345 Street Islamabad
1965-04-16,female,single,Islam,Pakistani,678906789067890,1016,5678 Street Lahore
1964-05-17,male,married,Islam,Pakistani,789017890178901,1017,9012 Street Karachi
1963-06-18,female,other,Islam,Pakistani,890128901289012,1018,3456 Street Islamabad
1962-07-19,male,single,Islam,Pakistani,901239012390123,1019,7890 Street Lahore
1961-08-20,female,married,Islam,Pakistani,012340123401234,1020,1234 Street Karachi
1960-09-21,male,other,Islam,Pakistani,123451234512345,1021,5678 Street Islamabad
1959-10-22,female,single,Islam,Pakistani,234562345623456,1022,9012 Street Lahore
1958-11-23,male,married,Islam,Pakistani,345673456734567,1023,3456 Street Karachi
1957-12-24,female,other,Islam,Pakistani,456784567845678,1024,7890 Street Islamabad
1956-01-25,male,single,Islam,Pakistani,567895678956789,1025,1234 Street Lahore
1955-02-26,female,married,Islam,Pakistani,678906789067890,1026,5678 Street Karachi
1954-03-27,male,other,Islam,Pakistani,789017890178901,1027,9012 Street Islamabad
1953-04-28,female,single,Islam,Pakistani,890128901289012,1028,2345 Street Lahore
1952-05-29,male,married,Islam,Pakistani,901239012390123,1029,5678 Street Karachi
1951-06-30,female,other,Islam,Pakistani,012340123401234,1030,9012 Street Islamabad
1950-07-01,male,single,Islam,Pakistani,123451234512345,1031,1234 Street Lahore
1949-08-02,female,married,Islam,Pakistani,234562345623456,1032,5678 Street Karachi
1948-09-03,male,other,Islam,Pakistani,345673456734567,1033,9012 Street Islamabad
1947-10-04,female,single,Islam,Pakistani,456784567845678,1034,1234 Street Lahore
1946-11-05,male,married,Islam,Pakistani,567895678956789,1035,5678 Street Karachi
1945-12-06,female,other,Islam,Pakistani,678906789067890,1036,9012 Street Islamabad
1944-01-07,male,single,Islam,Pakistani,789017890178901,1037,1234 Street Lahore
1943-02-08,female,married,Islam,Pakistani,890128901289012,1038,5678 Street Karachi
1942-03-09,male,other,Islam,Pakistani,901239012390123,1039,9012 Street Islamabad
1941-04-10,female,single,Islam,Pakistani,012340123401234,1040,1234 Street Lahore
1940-05-11,male,married,Islam,Pakistani,123451234512345,1041,5678 Street Karachi
1939-06-12,female,other,Islam,Pakistani,234562345623456,1042,9012 Street Islamabad
1938-07-13,male,single,Islam,Pakistani,345673456734567,1043,1234 Street Lahore
1937-08-14,female,married,Islam,Pakistani,456784567845678,1044,5678 Street Karachi
1936-09-15,male,other,Islam,Pakistani,567895678956789,1045,9012 Street Islamabad
1935-10-16,female,single,Islam,Pakistani,678906789067890,1046,1234 Street Lahore
1934-11-17,male,married,Islam,Pakistani,789017890178901,1047,5678 Street Karachi
1933-12-18,female,other,Islam,Pakistani,890128901289012,1048,9012 Street Islamabad
1932-01-19,male,single,Islam,Pakistani,901239012390123,1049,1234 Street Lahore
1931-02-20,female,married,Islam,Pakistani,012340123401234,1050,5678 Street Karachi
1930-03-21,male,other,Islam,Pakistani,123451234512345,1051,9012 Street Islamabad
1929-04-22,female,single,Islam,Pakistani,234562345623456,1052,1234 Street Lahore
1928-05-23,male,married,Islam,Pakistani,345673456734567,1053,5678 Street Karachi
1927-06-24,female,other,Islam,Pakistani,456784567845678,1054,9012 Street Islamabad
1926-07-25,male,single,Islam,Pakistani,567895678956789,1055,1234 Street Lahore
1925-08-26,female,married,Islam,Pakistani,678906789067890,1056,5678 Street Karachi
1924-09-27,male,other,Islam,Pakistani,789017890178901,1057,9012 Street Islamabad
1923-10-28,female,single,Islam,Pakistani,890128901289012,1058,1234 Street Lahore
1922-11-29,male,married,Islam,Pakistani,901239012390123,1059,5678 Street Karachi
1921-12-30,female,other,Islam,Pakistani,012340123401234,1060,9012 Street Islamabad
1920-01-31,male,single,Islam,Pakistani,123451234512345,1061,1234 Street Lahore
1919-03-01,female,married,Islam,Pakistani,234562345623456,1062,5678 Street Karachi
1918-04-02,male,other,Islam,Pakistani,345673456734567,1063,9012 Street Islamabad
1917-05-03,female,single,Islam,Pakistani,456784567845678,1064,1234 Street Lahore
1916-06-04,male,married,Islam,Pakistani,567895678956789,1065,5678 Street Karachi
1915-07-05,female,other,Islam,Pakistani,678906789067890,1066,9012 Street Islamabad
1914-08-06,male,single,Islam,Pakistani,789017890178901,1067,1234 Street Lahore
1913-09-07,female,married,Islam,Pakistani,890128901289012,1068,5678 Street Karachi
1912-10-08,male,other,Islam,Pakistani,901239012390123,1069,9012 Street Islamabad
1911-11-09,female,single,Islam,Pakistani,012340123401234,1070,1234 Street Lahore
1910-12-10,male,married,Islam,Pakistani,123451234512345,1071,5678 Street Karachi
date_of_birth,gender,marital_status,religion,nationality,cnic,office_number,address
1980-01-01,male,single,Islam,Pakistani,123451234512345,1001,123 Street Lahore
1979-02-02,female,married,Islam,Pakistani,234562345623456,1002,456 Street Karachi
1978-03-03,male,other,Islam,Pakistani,345673456734567,1003,789 Street Islamabad
1977-04-04,female,single,Islam,Pakistani,456784567845678,1004,012 Street Lahore
1976-05-05,male,married,Islam,Pakistani,567895678956789,1005,345 Street Karachi
1975-06-06,female,other,Islam,Pakistani,678906789067890,1006,678 Street Islamabad
1974-07-07,male,single,Islam,Pakistani,789017890178901,1007,901 Street Lahore
1973-08-08,female,married,Islam,Pakistani,890128901289012,1008,234 Street Karachi
1972-09-09,male,other,Islam,Pakistani,901239012390123,1009,567 Street Islamabad
1971-10-10,female,single,Islam,Pakistani,012340123401234,1010,890 Street Lahore
1970-11-11,male,married,Islam,Pakistani,123451234512345,1011,9012 Street Karachi
1969-12-12,female,other,Islam,Pakistani,234562345623456,1012,3456 Street Islamabad
1968-01-13,male,single,Islam,Pakistani,345673456734567,1013,6789 Street Lahore
1967-02-14,female,married,Islam,Pakistani,456784567845678,1014,0123 Street Karachi
1966-03-15,male,other,Islam,Pakistani,567895678956789,1015,2345 Street Islamabad
1965-04-16,female,single,Islam,Pakistani,678906789067890,1016,5678 Street Lahore
1964-05-17,male,married,Islam,Pakistani,789017890178901,1017,9012 Street Karachi
1963-06-18,female,other,Islam,Pakistani,890128901289012,1018,3456 Street Islamabad
1962-07-19,male,single,Islam,Pakistani,901239012390123,1019,7890 Street Lahore
1961-08-20,female,married,Islam,Pakistani,012340123401234,1020,1234 Street Karachi
1960-09-21,male,other,Islam,Pakistani,123451234512345,1021,5678 Street Islamabad
1959-10-22,female,single,Islam,Pakistani,234562345623456,1022,9012 Street Lahore
1958-11-23,male,married,Islam,Pakistani,345673456734567,1023,3456 Street Karachi
1957-12-24,female,other,Islam,Pakistani,456784567845678,1024,7890 Street Islamabad
1956-01-25,male,single,Islam,Pakistani,567895678956789,1025,1234 Street Lahore
1955-02-26,female,married,Islam,Pakistani,678906789067890,1026,5678 Street Karachi
1954-03-27,male,other,Islam,Pakistani,789017890178901,1027,9012 Street Islamabad
1953-04-28,female,single,Islam,Pakistani,890128901289012,1028,2345 Street Lahore
1952-05-29,male,married,Islam,Pakistani,901239012390123,1029,5678 Street Karachi
1951-06-30,female,other,Islam,Pakistani,012340123401234,1030,9012 Street Islamabad
1950-07-01,male,single,Islam,Pakistani,123451234512345,1031,1234 Street Lahore
1949-08-02,female,married,Islam,Pakistani,234562345623456,1032,5678 Street Karachi
1948-09-03,male,other,Islam,Pakistani,345673456734567,1033,9012 Street Islamabad
1947-10-04,female,single,Islam,Pakistani,456784567845678,1034,1234 Street Lahore
1946-11-05,male,married,Islam,Pakistani,567895678956789,1035,5678 Street Karachi
1945-12-06,female,other,Islam,Pakistani,678906789067890,1036,9012 Street Islamabad
1944-01-07,male,single,Islam,Pakistani,789017890178901,1037,1234 Street Lahore
1943-02-08,female,married,Islam,Pakistani,890128901289012,1038,5678 Street Karachi
1942-03-09,male,other,Islam,Pakistani,901239012390123,1039,9012 Street Islamabad
1941-04-10,female,single,Islam,Pakistani,012340123401234,1040,1234 Street Lahore
1940-05-11,male,married,Islam,Pakistani,123451234512345,1041,5678 Street Karachi
1939-06-12,female,other,Islam,Pakistani,234562345623456,1042,9012 Street Islamabad
1938-07-13,male,single,Islam,Pakistani,345673456734567,1043,1234 Street Lahore
1937-08-14,female,married,Islam,Pakistani,456784567845678,1044,5678 Street Karachi
1936-09-15,male,other,Islam,Pakistani,567895678956789,1045,9012 Street Islamabad
1935-10-16,female,single,Islam,Pakistani,678906789067890,1046,1234 Street Lahore
1934-11-17,male,married,Islam,Pakistani,789017890178901,1047,5678 Street Karachi
1933-12-18,female,other,Islam,Pakistani,890128901289012,1048,9012 Street Islamabad
1932-01-19,male,single,Islam,Pakistani,901239012390123,1049,1234 Street Lahore
1931-02-20,female,married,Islam,Pakistani,012340123401234,1050,5678 Street Karachi
1930-03-21,male,other,Islam,Pakistani,123451234512345,1051,9012 Street Islamabad
1929-04-22,female,single,Islam,Pakistani,234562345623456,1052,1234 Street Lahore
1928-05-23,male,married,Islam,Pakistani,345673456734567,1053,5678 Street Karachi
1927-06-24,female,other,Islam,Pakistani,456784567845678,1054,9012 Street Islamabad
1926-07-25,male,single,Islam,Pakistani,567895678956789,1055,1234 Street Lahore
1925-08-26,female,married,Islam,Pakistani,678906789067890,1056,5678 Street Karachi
1924-09-27,male,other,Islam,Pakistani,789017890178901,1057,9012 Street Islamabad
1923-10-28,female,single,Islam,Pakistani,890128901289012,1058,1234 Street Lahore
1922-11-29,male,married,Islam,Pakistani,901239012390123,1059,5678 Street Karachi
1921-12-30,female,other,Islam,Pakistani,012340123401234,1060,9012 Street Islamabad
1920-01-31,male,single,Islam,Pakistani,123451234512345,1061,1234 Street Lahore
1919-03-01,female,married,Islam,Pakistani,234562345623456,1062,5678 Street Karachi
1918-04-02,male,other,Islam,Pakistani,345673456734567,1063,9012 Street Islamabad
1917-05-03,female,single,Islam,Pakistani,456784567845678,1064,1234 Street Lahore
1916-06-04,male,married,Islam,Pakistani,567895678956789,1065,5678 Street Karachi
1915-07-05,female,other,Islam,Pakistani,678906789067890,1066,9012 Street Islamabad
1914-08-06,male,single,Islam,Pakistani,789017890178901,1067,1234 Street Lahore
1913-09-07,female,married,Islam,Pakistani,890128901289012,1068,5678 Street Karachi
1912-10-08,male,other,Islam,Pakistani,901239012390123,1069,9012 Street Islamabad
1911-11-09,female,single,Islam,Pakistani,012340123401234,1070,1234 Street Lahore
1910-12-10,male,married,Islam,Pakistani,123451234512345,1071,5678 Street Karachi
1909-01-11,female,other,Islam,Pakistani,234562345623456,1072,9012 Street Islamabad
1908-02-12,male,single,Islam,Pakistani,345673456734567,1073,1234 Street Lahore
1907-03-13,female,married,Islam,Pakistani,456784567845678,1074,5678 Street Karachi
1906-04-14,male,other,Islam,Pakistani,567895678956789,1075,9012 Street Islamabad
1905-05-15,female,single,Islam,Pakistani,678906789067890,1076,1234 Street Lahore
1904-06-16,male,married,Islam,Pakistani,789017890178901,1077,5678 Street Karachi
1903-07-17,female,other,Islam,Pakistani,890128901289012,1078,9012 Street Islamabad
1902-08-18,male,single,Islam,Pakistani,901239012390123,1079,1234 Street Lahore
1901-09-19,female,married,Islam,Pakistani,012340123401234,1080,5678 Street Karachi
1900-10-20,male,other,Islam,Pakistani,123451234512345,1081,9012 Street Islamabad
1899-11-21,female,single,Islam,Pakistani,234562345623456,1082,1234 Street Lahore
1898-12-22,male,married,Islam,Pakistani,345673456734567,1083,5678 Street Karachi
1897-01-23,female,other,Islam,Pakistani,456784567845678,1084,9012 Street Islamabad
1896-02-24,male,single,Islam,Pakistani,567895678956789,1085,1234 Street Lahore
1895-03-25,female,married,Islam,Pakistani,678906789067890,1086,5678 Street Karachi
1894-04-26,male,other,Islam,Pakistani,789017890178901,1087,9012 Street Islamabad
1893-05-27,female,single,Islam,Pakistani,890128901289012,1088,1234 Street Lahore
1892-06-28,male,married,Islam,Pakistani,901239012390123,1089,5678 Street Karachi
1891-07-29,female,other,Islam,Pakistani,012340123401234,1090,9012 Street Islamabad
1890-08-30,male,single,Islam,Pakistani,123451234512345,1091,1234 Street Lahore
1889-09-01,female,married,Islam,Pakistani,234562345623456,1092,5678 Street Karachi
1888-10-02,male,other,Islam,Pakistani,345673456734567,1093,9012 Street Islamabad
1887-11-03,female,single,Islam,Pakistani,456784567845678,1094,1234 Street Lahore
1886-12-04,male,married,Islam,Pakistani,567895678956789,1095,5678 Street Karachi
1885-01-05,female,other,Islam,Pakistani,678906789067890,1096,9012 Street Islamabad
1884-02-06,male,single,Islam,Pakistani,789017890178901,1097,1234 Street Lahore
1883-03-07,female,married,Islam,Pakistani,890128901289012,1098,5678 Street Karachi
1882-04-08,male,other,Islam,Pakistani,901239012390123,1099,9012 Street Islamabad
1881-05-09,female,single,Islam,Pakistani,012340123401234,1100,1234 Street Lahore
1880-06-10,male,married,Islam,Pakistani,123451234512345,1101,5678 Street Karachi
1879-07-11,female,other,Islam,Pakistani,234562345623456,1102,9012 Street Islamabad
1878-08-12,male,single,Islam,Pakistani,345673456734567,1103,1234 Street Lahore
1877-09-13,female,married,Islam,Pakistani,456784567845678,1104,5678 Street Karachi
1876-10-14,male,other,Islam,Pakistani,567895678956789,1105,9012 Street Islamabad
1875-11-15,female,single,Islam,Pakistani,678906789067890,1106,1234 Street Lahore
1874-12-16,male,married,Islam,Pakistani,789017890178901,1107,5678 Street Karachi
1873-01-17,female,other,Islam,Pakistani,890128901289012,1108,9012 Street Islamabad
1872-02-18,male,single,Islam,Pakistani,901239012390123,1109,1234 Street Lahore
1871-03-19,female,married,Islam,Pakistani,012340123401234,1110,5678 Street Karachi
1870-04-20,male,other,Islam,Pakistani,123451234512345,1111,9012 Street Islamabad
1869-05-21,female,single,Islam,Pakistani,234562345623456,1112,1234 Street Lahore
1868-06-22,male,married,Islam,Pakistani,345673456734567,1113,5678 Street Karachi
1867-07-23,female,other,Islam,Pakistani,456784567845678,1114,9012 Street Islamabad
1866-08-24,male,single,Islam,Pakistani,567895678956789,1115,1234 Street Lahore
1865-09-25,female,married,Islam,Pakistani,678906789067890,1116,5678 Street Karachi
1864-10-26,male,other,Islam,Pakistani,789017890178901,1117,9012 Street Islamabad
1863-11-27,female,single,Islam,Pakistani,890128901289012,1118,1234 Street Lahore
1862-12-28,male,married,Islam,Pakistani,901239012390123,1119,5678 Street Karachi
1861-01-29,female,other,Islam,Pakistani,012340123401234,1120,9012 Street Islamabad
1860-02-30,male,single,Islam,Pakistani,123451234512345,1121,1234 Street Lahore
1859-03-31,female,married,Islam,Pakistani,234562345623456,1122,5678 Street Karachi
1858-05-01,male,other,Islam,Pakistani,345673456734567,1123,9012 Street Islamabad
1857-06-02,female,single,Islam,Pakistani,456784567845678,1124,1234 Street Lahore
1856-07-03,male,married,Islam,Pakistani,567895678956789,1125,5678 Street Karachi
1855-08-04,female,other,Islam,Pakistani,678906789067890,1126,9012 Street Islamabad
1854-09-05,male,single,Islam,Pakistani,789017890178901,1127,1234 Street Lahore
1853-10-06,female,married,Islam,Pakistani,890128901289012,1128,5678 Street Karachi
1852-11-07,male,other,Islam,Pakistani,901239012390123,1129,9012 Street Islamabad
1851-12-08,female,single,Islam,Pakistani,012340123401234,1130,1234 Street Lahore
1850-01-09,male,married,Islam,Pakistani,123451234512345,1131,5678 Street Karachi
1849-02-10,female,other,Islam,Pakistani,234562345623456,1132,9012 Street Islamabad
1848-03-11,male,single,Islam,Pakistani,345673456734567,1133,1234 Street Lahore
1847-04-12,female,married,Islam,Pakistani,456784567845678,1134,5678 Street Karachi
1846-05-13,male,other,Islam,Pakistani,567895678956789,1135,9012 Street Islamabad
1845-06-14,female,single,Islam,Pakistani,678906789067890,1136,1234 Street Lahore
1844-07-15,male,married,Islam,Pakistani,789017890178901,1137,5678 Street Karachi
1843-08-16,female,other,Islam,Pakistani,890128901289012,1138,9012 Street Islamabad
1842-09-17,male,single,Islam,Pakistani,901239012390123,1139,1234 Street Lahore
1841-10-18,female,married,Islam,Pakistani,012340123401234,1140,5678 Street Karachi
1840-11-19,male,other,Islam,Pakistani,123451234512345,1141,9012 Street Islamabad
1839-12-20,female,single,Islam,Pakistani,234562345623456,1142,1234 Street Lahore
1839-01-21,male,married,Islam,Pakistani,345673456734567,1143,5678 Street Karachi
1838-02-22,female,other,Islam,Pakistani,456784567845678,1144,9012 Street Islamabad
1837-03-23,male,single,Islam,Pakistani,567895678956789,1145,1234 Street Lahore
1836-04-24,female,married,Islam,Pakistani,678906789067890,1146,5678 Street Karachi
1835-05-25,male,other,Islam,Pakistani,789017890178901,1147,9012 Street Islamabad
1834-06-26,female,single,Islam,Pakistani,890128901289012,1148,1234 Street Lahore
1833-07-27,male,married,Islam,Pakistani,901239012390123,1149,5678 Street Karachi
1832-08-28,female,other,Islam,Pakistani,012340123401234,1150,9012 Street Islamabad
1831-09-29,male,single,Islam,Pakistani,123451234512345,1151,1234 Street Lahore
1830-10-30,female,married,Islam,Pakistani,234562345623456,1152,5678 Street Karachi
1829-11-31,male,other,Islam,Pakistani,345673456734567,1153,9012 Street Islamabad
1828-01-01,female,single,Islam,Pakistani,456784567845678,1154,1234 Street Lahore
1827-02-02,male,married,Islam,Pakistani,567895678956789,1155,5678 Street Karachi
1826-03-03,female,other,Islam,Pakistani,678906789067890,1156,9012 Street Islamabad
1825-04-04,male,single,Islam,Pakistani,789017890178901,1157,1234 Street Lahore
1824-05-05,female,married,Islam,Pakistani,890128901289012,1158,5678 Street Karachi
1823-06-06,male,other,Islam,Pakistani,901239012390123,1159,9012 Street Islamabad
1822-07-07,female,single,Islam,Pakistani,012340123401234,1160,1234 Street Lahore
1821-08-08,male,married,Islam,Pakistani,123451234512345,1161,5678 Street Karachi
1820-09-09,female,other,Islam,Pakistani,234562345623456,1162,9012 Street Islamabad
1819-10-10,male,single,Islam,Pakistani,345673456734567,1163,1234 Street Lahore
1818-11-11,female,married,Islam,Pakistani,456784567845678,1164,5678 Street Karachi
1817-12-12,male,other,Islam,Pakistani,567895678956789,1165,9012 Street Islamabad
1816-01-13,female,single,Islam,Pakistani,678906789067890,1166,1234 Street Lahore
1815-02-14,male,married,Islam,Pakistani,789017890178901,1167,5678 Street Karachi
1814-03-15,female,other,Islam,Pakistani,890128901289012,1168,9012 Street Islamabad
1813-04-16,male,single,Islam,Pakistani,901239012390123,1169,1234 Street Lahore
1812-05-17,female,married,Islam,Pakistani,012340123401234,1170,5678 Street Karachi
1811-06-18,male,other,Islam,Pakistani,123451234512345,1171,9012 Street Islamabad
1810-07-19,female,single,Islam,Pakistani,234562345623456,1172,1234 Street Lahore
1809-08-20,male,married,Islam,Pakistani,345673456734567,1173,5678 Street Karachi
1808-09-21,female,other,Islam,Pakistani,456784567845678,1174,9012 Street Islamabad
1807-10-22,male,single,Islam,Pakistani,567895678956789,1175,1234 Street Lahore
1806-11-23,female,married,Islam,Pakistani,678906789067890,1176,5678 Street Karachi
1805-12-24,male,other,Islam,Pakistani,789017890178901,1177,9012 Street Islamabad
1804-01-25,female,single,Islam,Pakistani,890128901289012,1178,1234 Street Lahore
1803-02-26,male,married,Islam,Pakistani,901239012390123,1179,5678 Street Karachi
1802-03-27,female,other,Islam,Pakistani,012340123401234,1180,9012 Street Islamabad
1801-04-28,male,single,Islam,Pakistani,123451234512345,1181,1234 Street Lahore
1800-05-29,female,married,Islam,Pakistani,234562345623456,1182,5678 Street Karachi
1799-06-30,male,other,Islam,Pakistani,345673456734567,1183,9012 Street Islamabad
1798-08-01,female,single,Islam,Pakistani,456784567845678,1184,1234 Street Lahore
1797-09-02,male,married,Islam,Pakistani,567895678956789,1185,5678 Street Karachi
1796-10-03,female,other,Islam,Pakistani,678906789067890,1186,9012 Street Islamabad
1795-11-04,male,single,Islam,Pakistani,789017890178901,1187,1234 Street Lahore
1794-12-05,female,married,Islam,Pakistani,890128901289012,1188,5678 Street Karachi
1793-01-06,male,other,Islam,Pakistani,901239012390123,1189,9012 Street Islamabad
1792-02-07,female,single,Islam,Pakistani,012340123401234,1190,1234 Street Lahore
1791-03-08,male,married,Islam,Pakistani,123451234512345,1191,5678 Street Karachi
1790-04-09,female,other,Islam,Pakistani,234562345623456,1192,9012 Street Islamabad
1789-05-10,male,single,Islam,Pakistani,345673456734567,1193,1234 Street Lahore
1788-06-11,female,married,Islam,Pakistani,456784567845678,1194,5678 Street Karachi
1787-07-12,male,other,Islam,Pakistani,567895678956789,1195,9012 Street Islamabad
1786-08-13,female,single,Islam,Pakistani,678906789067890,1196,1234 Street Lahore
1785-09-14,male,married,Islam,Pakistani,789017890178901,1197,5678 Street Karachi
1784-10-15,female,other,Islam,Pakistani,890128901289012,1198,9012 Street Islamabad
1783-11-16,male,single,Islam,Pakistani,901239012390123,1199,1234 Street Lahore
1782-12-17,female,married,Islam,Pakistani,012340123401234,1200,5678 Street Karachi
1930-01-01,male,single,Islam,Pakistani,123451234512345,1201,123 Street Lahore
1929-02-02,female,married,Islam,Pakistani,234562345623456,1202,456 Street Karachi
1928-03-03,male,other,Islam,Pakistani,345673456734567,1203,789 Street Islamabad
1927-04-04,female,single,Islam,Pakistani,456784567845678,1204,012 Street Lahore
1926-05-05,male,married,Islam,Pakistani,567895678956789,1205,345 Street Karachi
1925-06-06,female,other,Islam,Pakistani,678906789067890,1206,678 Street Islamabad
1924-07-07,male,single,Islam,Pakistani,789017890178901,1207,901 Street Lahore
1923-08-08,female,married,Islam,Pakistani,890128901289012,1208,234 Street Karachi
1922-09-09,male,other,Islam,Pakistani,901239012390123,1209,567 Street Islamabad
1921-10-10,female,single,Islam,Pakistani,012340123401234,1210,890 Street Lahore
1920-11-11,male,married,Islam,Pakistani,123451234512345,1211,9012 Street Karachi
1919-12-12,female,other,Islam,Pakistani,234562345623456,1212,3456 Street Islamabad
1918-01-13,male,single,Islam,Pakistani,345673456734567,1213,6789 Street Lahore
1917-02-14,female,married,Islam,Pakistani,456784567845678,1214,0123 Street Karachi
1916-03-15,male,other,Islam,Pakistani,567895678956789,1215,2345 Street Islamabad
1915-04-16,female,single,Islam,Pakistani,678906789067890,1216,5678 Street Lahore
1914-05-17,male,married,Islam,Pakistani,789017890178901,1217,9012 Street Karachi
1913-06-18,female,other,Islam,Pakistani,890128901289012,1218,3456 Street Islamabad
1912-07-19,male,single,Islam,Pakistani,901239012390123,1219,7890 Street Lahore
1911-08-20,female,married,Islam,Pakistani,012340123401234,1220,1234 Street Karachi
1910-09-21,male,other,Islam,Pakistani,123451234512345,1221,5678 Street Islamabad
1930-01-01,male,single,Islam,Pakistani,123451234512345,1201,123 Street Lahore
1929-02-02,female,married,Islam,Pakistani,234562345623456,1202,456 Street Karachi
1928-03-03,male,other,Islam,Pakistani,345673456734567,1203,789 Street Islamabad
1927-04-04,female,single,Islam,Pakistani,456784567845678,1204,012 Street Lahore
1926-05-05,male,married,Islam,Pakistani,567895678956789,1205,345 Street Karachi
1925-06-06,female,other,Islam,Pakistani,678906789067890,1206,678 Street Islamabad
1924-07-07,male,single,Islam,Pakistani,789017890178901,1207,901 Street Lahore
1923-08-08,female,married,Islam,Pakistani,890128901289012,1208,234 Street Karachi
1922-09-09,male,other,Islam,Pakistani,901239012390123,1209,567 Street Islamabad
1921-10-10,female,single,Islam,Pakistani,012340123401234,1210,890 Street Lahore
1920-11-11,male,married,Islam,Pakistani,123451234512345,1211,9012 Street Karachi
1919-12-12,female,other,Islam,Pakistani,234562345623456,1212,3456 Street Islamabad
1918-01-13,male,single,Islam,Pakistani,345673456734567,1213,6789 Street Lahore
1917-02-14,female,married,Islam,Pakistani,456784567845678,1214,0123 Street Karachi
1916-03-15,male,other,Islam,Pakistani,567895678956789,1215,2345 Street Islamabad
1915-04-16,female,single,Islam,Pakistani,678906789067890,1216,5678 Street Lahore
1914-05-17,male,married,Islam,Pakistani,789017890178901,1217,9012 Street Karachi
1913-06-18,female,other,Islam,Pakistani,890128901289012,1218,3456 Street Islamabad
1912-07-19,male,single,Islam,Pakistani,901239012390123,1219,7890 Street Lahore
1911-08-20,female,married,Islam,Pakistani,012340123401234,1220,1234 Street Karachi
1910-09-21,male,other,Islam,Pakistani,123451234512345,1221,5678 Street Islamabad
1909-10-22,female,single,Islam,Pakistani,234562345623456,1222,9012 Street Lahore
1908-11-23,male,married,Islam,Pakistani,345673456734567,1223,3456 Street Karachi
1907-12-24,female,other,Islam,Pakistani,456784567845678,1224,7890 Street Islamabad
1906-01-25,male,single,Islam,Pakistani,567895678956789,1225,1234 Street Lahore
1905-02-26,female,married,Islam,Pakistani,678906789067890,1226,5678 Street Karachi
1904-03-27,male,other,Islam,Pakistani,789017890178901,1227,9012 Street Islamabad
1903-04-28,female,single,Islam,Pakistani,890128901289012,1228,3456 Street Lahore
1902-05-29,male,married,Islam,Pakistani,901239012390123,1229,7890 Street Karachi
1901-06-30,female,other,Islam,Pakistani,012340123401234,1230,1234 Street Islamabad
1900-07-01,male,single,Islam,Pakistani,123451234512345,1231,5678 Street Lahore
1899-08-02,female,married,Islam,Pakistani,234562345623456,1232,9012 Street Karachi
1898-09-03,male,other,Islam,Pakistani,345673456734567,1233,3456 Street Islamabad
1897-10-04,female,single,Islam,Pakistani,456784567845678,1234,7890 Street Lahore
1896-11-05,male,married,Islam,Pakistani,567895678956789,1235,1234 Street Karachi
1895-12-06,female,other,Islam,Pakistani,678906789067890,1236,5678 Street Islamabad
1894-01-07,male,single,Islam,Pakistani,789017890178901,1237,9012 Street Lahore
1893-02-08,female,married,Islam,Pakistani,890128901289012,1238,1234 Street Karachi
1892-03-09,male,other,Islam,Pakistani,901239012390123,1239,5678 Street Islamabad
1891-04-10,female,single,Islam,Pakistani,012340123401234,1240,9012 Street Lahore
1890-05-11,male,married,Islam,Pakistani,123451234512345,1241,1234 Street Karachi
1889-06-12,female,other,Islam,Pakistani,234562345623456,1242,5678 Street Islamabad
1888-07-13,male,single,Islam,Pakistani,345673456734567,1243,9012 Street Lahore
1887-08-14,female,married,Islam,Pakistani,456784567845678,1244,1234 Street Karachi
1886-09-15,male,other,Islam,Pakistani,567895678956789,1245,5678 Street Islamabad
1885-10-16,female,single,Islam,Pakistani,678906789067890,1246,9012 Street Lahore
1884-11-17,male,married,Islam,Pakistani,789017890178901,1247,1234 Street Karachi
1883-12-18,female,other,Islam,Pakistani,890128901289012,1248,5678 Street Islamabad
1882-01-19,male,single,Islam,Pakistani,901239012390123,1249,9012 Street Lahore
1881-02-20,female,married,Islam,Pakistani,012340123401234,1250,1234 Street Karachi
1880-03-21,male,other,Islam,Pakistani,123451234512345,1251,5678 Street Islamabad
1879-04-22,female,single,Islam,Pakistani,234562345623456,1252,9012 Street Lahore
1878-05-23,male,married,Islam,Pakistani,345673456734567,1253,1234 Street Karachi
1877-06-24,female,other,Islam,Pakistani,456784567845678,1254,5678 Street Islamabad
1876-07-25,male,single,Islam,Pakistani,567895678956789,1255,9012 Street Lahore
1875-08-26,female,married,Islam,Pakistani,678906789067890,1256,1234 Street Karachi
1874-09-27,male,other,Islam,Pakistani,789017890178901,1257,5678 Street Islamabad
1873-10-28,female,single,Islam,Pakistani,890128901289012,1258,9012 Street Lahore
1872-11-29,male,married,Islam,Pakistani,901239012390123,1259,1234 Street Karachi
1871-12-30,female,other,Islam,Pakistani,012340123401234,1260,5678 Street Islamabad
1870-01-31,male,single,Islam,Pakistani,123451234512345,1261,9012 Street Lahore
1869-03-01,female,married,Islam,Pakistani,234562345623456,1262,1234 Street Karachi
1868-04-02,male,other,Islam,Pakistani,345673456734567,1263,5678 Street Islamabad
1867-05-03,female,single,Islam,Pakistani,456784567845678,1264,9012 Street Lahore
1866-06-04,male,married,Islam,Pakistani,567895678956789,1265,1234 Street Karachi
1865-07-05,female,other,Islam,Pakistani,678906789067890,1266,5678 Street Islamabad
1864-08-06,male,single,Islam,Pakistani,789017890178901,1267,9012 Street Lahore
1863-09-07,female,married,Islam,Pakistani,890128901289012,1268,1234 Street Karachi
1862-10-08,male,other,Islam,Pakistani,901239012390123,1269,5678 Street Islamabad
1861-11-09,female,single,Islam,Pakistani,012340123401234,1270,9012 Street Lahore
1860-12-10,male,married,Islam,Pakistani,123451234512345,1271,1234 Street Karachi
1859-01-11,female,other,Islam,Pakistani,234562345623456,1272,5678 Street Islamabad
1858-02-12,male,single,Islam,Pakistani,345673456734567,1273,9012 Street Lahore
1857-03-13,female,married,Islam,Pakistani,456784567845678,1274,1234 Street Karachi
1856-04-14,male,other,Islam,Pakistani,567895678956789,1275,5678 Street Islamabad
1855-05-15,female,single,Islam,Pakistani,678906789067890,1276,9012 Street Lahore
1854-06-16,male,married,Islam,Pakistani,789017890178901,1277,1234 Street Karachi
1853-07-17,female,other,Islam,Pakistani,890128901289012,1278,5678 Street Islamabad
1852-08-18,male,single,Islam,Pakistani,901239012390123,1279,9012 Street Lahore
1851-09-19,female,married,Islam,Pakistani,012340123401234,1280,1234 Street Karachi
1850-10-20,male,other,Islam,Pakistani,123451234512345,1281,5678 Street Islamabad
1849-11-21,female,single,Islam,Pakistani,234562345623456,1282,9012 Street Lahore
1848-12-22,male,married,Islam,Pakistani,345673456734567,1283,1234 Street Karachi
1847-01-23,female,other,Islam,Pakistani,456784567845678,1284,5678 Street Islamabad
1846-02-24,male,single,Islam,Pakistani,567895678956789,1285,9012 Street Lahore
1845-03-25,female,married,Islam,Pakistani,678906789067890,1286,1234 Street Karachi
1844-04-26,male,other,Islam,Pakistani,789017890178901,1287,5678 Street Islamabad
1843-05-27,female,single,Islam,Pakistani,890128901289012,1288,9012 Street Lahore
1842-06-28,male,married,Islam,Pakistani,901239012390123,1289,1234 Street Karachi
1841-07-29,female,other,Islam,Pakistani,012340123401234,1290,5678 Street Islamabad
1840-08-30,male,single,Islam,Pakistani,123451234512345,1291,9012 Street Lahore
1839-09-01,female,married,Islam,Pakistani,234562345623456,1292,1234 Street Karachi
1838-10-02,male,other,Islam,Pakistani,345673456734567,1293,5678 Street Islamabad
1837-11-03,female,single,Islam,Pakistani,456784567845678,1294,9012 Street Lahore
1836-12-04,male,married,Islam,Pakistani,567895678956789,1295,1234 Street Karachi
1835-01-05,female,other,Islam,Pakistani,678906789067890,1296,5678 Street Islamabad
1834-02-06,male,single,Islam,Pakistani,789017890178901,1297,9012 Street Lahore
1833-03-07,female,married,Islam,Pakistani,890128901289012,1298,1234 Street Karachi
1832-04-08,male,other,Islam,Pakistani,901239012390123,1299,5678 Street Islamabad
1831-05-09,female,single,Islam,Pakistani,012340123401234,1300,9012 Street Lahore
1830-06-10,male,married,Islam,Pakistani,123451234512345,1301,1234 Street Karachi
1829-07-11,female,other,Islam,Pakistani,234562345623456,1302,5678 Street Islamabad
1828-08-12,male,single,Islam,Pakistani,345673456734567,1303,9012 Street Lahore
1827-09-13,female,married,Islam,Pakistani,456784567845678,1304,1234 Street Karachi
1826-10-14,male,other,Islam,Pakistani,567895678956789,1305,5678 Street Islamabad
1825-11-15,female,single,Islam,Pakistani,678906789067890,1306,9012 Street Lahore
1824-12-16,male,married,Islam,Pakistani,789017890178901,1307,1234 Street Karachi
1823-01-17,female,other,Islam,Pakistani,890128901289012,1308,5678 Street Islamabad
1822-02-18,male,single,Islam,Pakistani,901239012390123,1309,9012 Street Lahore
1821-03-19,female,married,Islam,Pakistani,012340123401234,1310,1234 Street Karachi
1820-04-20,male,other,Islam,Pakistani,123451234512345,1311,5678 Street Islamabad
1819-05-21,female,single,Islam,Pakistani,234562345623456,1312,9012 Street Lahore
1818-06-22,male,married,Islam,Pakistani,345673456734567,1313,1234 Street Karachi
1817-07-23,female,other,Islam,Pakistani,456784567845678,1314,5678 Street Islamabad
1816-08-24,male,single,Islam,Pakistani,567895678956789,1315,9012 Street Lahore
1815-09-25,female,married,Islam,Pakistani,678906789067890,1316,1234 Street Karachi
1814-10-26,male,other,Islam,Pakistani,789017890178901,1317,5678 Street Islamabad
1813-11-27,female,single,Islam,Pakistani,890128901289012,1318,9012 Street Lahore
1812-12-28,male,married,Islam,Pakistani,901239012390123,1319,1234 Street Karachi
1811-01-29,female,other,Islam,Pakistani,012340123401234,1320,5678 Street Islamabad
1810-02-30,male,single,Islam,Pakistani,123451234512345,1321,9012 Street Lahore
1809-03-31,female,married,Islam,Pakistani,234562345623456,1322,1234 Street Karachi
1808-05-01,male,other,Islam,Pakistani,345673456734567,1323,5678 Street Islamabad
1807-06-02,female,single,Islam,Pakistani,456784567845678,1324,9012 Street Lahore
1806-07-03,male,married,Islam,Pakistani,567895678956789,1325,1234 Street Karachi
1805-08-04,female,other,Islam,Pakistani,678906789067890,1326,5678 Street Islamabad
1804-09-05,male,single,Islam,Pakistani,789017890178901,1327,9012 Street Lahore
1803-10-06,female,married,Islam,Pakistani,890128901289012,1328,1234 Street Karachi
1802-11-07,male,other,Islam,Pakistani,901239012390123,1329,5678 Street Islamabad
1801-12-08,female,single,Islam,Pakistani,012340123401234,1330,9012 Street Lahore
1800-01-09,male,married,Islam,Pakistani,123451234512345,1331,1234 Street Karachi
1799-02-10,female,other,Islam,Pakistani,234562345623456,1332,5678 Street Islamabad
1798-03-11,male,single,Islam,Pakistani,345673456734567,1333,9012 Street Lahore
1797-04-12,female,married,Islam,Pakistani,456784567845678,1334,1234 Street Karachi
1796-05-13,male,other,Islam,Pakistani,567895678956789,1335,5678 Street Islamabad
1795-06-14,female,single,Islam,Pakistani,678906789067890,1336,9012 Street Lahore
1794-07-15,male,married,Islam,Pakistani,789017890178901,1337,1234 Street Karachi
1793-08-16,female,other,Islam,Pakistani,890128901289012,1338,5678 Street Islamabad
1792-09-17,male,single,Islam,Pakistani,901239012390123,1339,9012 Street Lahore
1791-10-18,female,married,Islam,Pakistani,012340123401234,1340,1234 Street Karachi
1790-11-19,male,other,Islam,Pakistani,123451234512345,1341,5678 Street Islamabad
1789-12-20,female,single,Islam,Pakistani,234562345623456,1342,9012 Street Lahore
1788-01-21,male,married,Islam,Pakistani,345673456734567,1343,1234 Street Karachi
1787-02-22,female,other,Islam,Pakistani,456784567845678,1344,5678 Street Islamabad
1786-03-23,male,single,Islam,Pakistani,567895678956789,1345,9012 Street Lahore
1785-04-24,female,married,Islam,Pakistani,678906789067890,1346,1234 Street Karachi
1784-05-25,male,other,Islam,Pakistani,789017890178901,1347,5678 Street Islamabad
1783-06-26,female,single,Islam,Pakistani,890128901289012,1348,9012 Street Lahore
1782-07-27,male,married,Islam,Pakistani,901239012390123,1349,1234 Street Karachi
1781-08-28,female,other,Islam,Pakistani,012340123401234,1350,5678 Street Islamabad
1780-09-29,male,single,Islam,Pakistani,123451234512345,1351,9012 Street Lahore
1779-10-30,female,married,Islam,Pakistani,234562345623456,1352,1234 Street Karachi
1778-11-01,male,other,Islam,Pakistani,345673456734567,1353,5678 Street Islamabad
1777-12-02,female,single,Islam,Pakistani,456784567845678,1354,9012 Street Lahore
1776-01-03,male,married,Islam,Pakistani,567895678956789,1355,1234 Street Karachi
1775-02-04,female,other,Islam,Pakistani,678906789067890,1356,5678 Street Islamabad
1774-03-05,male,single,Islam,Pakistani,789017890178901,1357,9012 Street Lahore
1773-04-06,female,married,Islam,Pakistani,890128901289012,1358,1234 Street Karachi
1772-05-07,male,other,Islam,Pakistani,901239012390123,1359,5678 Street Islamabad
1771-06-08,female,single,Islam,Pakistani,012340123401234,1360,9012 Street Lahore
1770-07-09,male,married,Islam,Pakistani,123451234512345,1361,1234 Street Karachi
1769-08-10,female,other,Islam,Pakistani,234562345623456,1362,5678 Street Islamabad
1768-09-11,male,single,Islam,Pakistani,345673456734567,1363,9012 Street Lahore
1767-10-12,female,married,Islam,Pakistani,456784567845678,1364,1234 Street Karachi
1766-11-13,male,other,Islam,Pakistani,567895678956789,1365,5678 Street Islamabad
1765-12-14,female,single,Islam,Pakistani,678906789067890,1366,9012 Street Lahore
1764-01-15,male,married,Islam,Pakistani,789017890178901,1367,1234 Street Karachi
1763-02-16,female,other,Islam,Pakistani,890128901289012,1368,5678 Street Islamabad
1762-03-17,male,single,Islam,Pakistani,901239012390123,1369,9012 Street Lahore
1761-04-18,female,married,Islam,Pakistani,012340123401234,1370,1234 Street Karachi
1760-05-19,male,other,Islam,Pakistani,123451234512345,1371,5678 Street Islamabad
1759-06-20,female,single,Islam,Pakistani,234562345623456,1372,9012 Street Lahore
1758-07-21,male,married,Islam,Pakistani,345673456734567,1373,1234 Street Karachi
1757-08-22,female,other,Islam,Pakistani,456784567845678,1374,5678 Street Islamabad
1756-09-23,male,single,Islam,Pakistani,567895678956789,1375,9012 Street Lahore
1755-10-24,female,married,Islam,Pakistani,678906789067890,1376,1234 Street Karachi
1754-11-25,male,other,Islam,Pakistani,789017890178901,1377,5678 Street Islamabad
1753-12-26,female,single,Islam,Pakistani,890128901289012,1378,9012 Street Lahore
1752-01-27,male,married,Islam,Pakistani,901239012390123,1379,1234 Street Karachi
1751-02-28,female,other,Islam,Pakistani,012340123401234,1380,5678 Street Islamabad
1750-03-29,male,single,Islam,Pakistani,123451234512345,1381,9012 Street Lahore
1749-04-30,female,married,Islam,Pakistani,234562345623456,1382,1234 Street Karachi
1748-06-01,male,other,Islam,Pakistani,345673456734567,1383,5678 Street Islamabad
1747-07-02,female,single,Islam,Pakistani,456784567845678,1384,9012 Street Lahore
1746-08-03,male,married,Islam,Pakistani,567895678956789,1385,1234 Street Karachi
1745-09-04,female,other,Islam,Pakistani,678906789067890,1386,5678 Street Islamabad
1744-10-05,male,single,Islam,Pakistani,789017890178901,1387,9012 Street Lahore
1743-11-06,female,married,Islam,Pakistani,890128901289012,1388,1234 Street Karachi
1742-12-07,male,other,Islam,Pakistani,901239012390123,1389,5678 Street Islamabad
1741-01-08,female,single,Islam,Pakistani,012340123401234,1390,9012 Street Lahore
1740-02-09,male,married,Islam,Pakistani,123451234512345,1391,1234 Street Karachi
1739-03-10,female,other,Islam,Pakistani,234562345623456,1392,5678 Street Islamabad
1738-04-11,male,single,Islam,Pakistani,345673456734567,1393,9012 Street Lahore
1737-05-12,female,married,Islam,Pakistani,456784567845678,1394,1234 Street Karachi
1736-06-13,male,other,Islam,Pakistani,567895678956789,1395,5678 Street Islamabad
1735-07-14,female,single,Islam,Pakistani,678906789067890,1396,9012 Street Lahore
1734-08-15,male,married,Islam,Pakistani,789017890178901,1397,1234 Street Karachi
1733-09-16,female,other,Islam,Pakistani,890128901289012,1398,5678 Street Islamabad
1732-10-17,male,single,Islam,Pakistani,901239012390123,1399,9012 Street Lahore
1731-11-18,female,married,Islam,Pakistani,012340123401234,1400,1234 Street Karachi
1730-12-19,male,other,Islam,Pakistani,123451234512345,1401,5678 Street Islamabad
1729-01-20,female,single,Islam,Pakistani,234562345623456,1402,9012 Street Lahore
1728-02-21,male,married,Islam,Pakistani,345673456734567,1403,1234 Street Karachi
1727-03-22,female,other,Islam,Pakistani,456784567845678,1404,5678 Street Islamabad
1726-04-23,male,single,Islam,Pakistani,567895678956789,1405,9012 Street Lahore
1725-05-24,female,married,Islam,Pakistani,678906789067890,1406,1234 Street Karachi
1724-06-25,male,other,Islam,Pakistani,789017890178901,1407,5678 Street Islamabad
1723-07-26,female,single,Islam,Pakistani,890128901289012,1408,9012 Street Lahore
1722-08-27,male,married,Islam,Pakistani,901239012390123,1409,1234 Street Karachi
1721-09-28,female,other,Islam,Pakistani,012340123401234,1410,5678 Street Islamabad
1720-10-29,male,single,Islam,Pakistani,123451234512345,1411,9012 Street Lahore
1719-11-30,female,married,Islam,Pakistani,234562345623456,1412,1234 Street Karachi
1718-01-31,male,other,Islam,Pakistani,345673456734567,1413,5678 Street Islamabad
1717-03-01,female,single,Islam,Pakistani,456784567845678,1414,9012 Street Lahore
1716-04-02,male,married,Islam,Pakistani,567895678956789,1415,1234 Street Karachi
1715-05-03,female,other,Islam,Pakistani,678906789067890,1416,5678 Street Islamabad
1714-06-04,male,single,Islam,Pakistani,789017890178901,1417,9012 Street Lahore
1713-07-05,female,married,Islam,Pakistani,890128901289012,1418,1234 Street Karachi
1712-08-06,male,other,Islam,Pakistani,901239012390123,1419,5678 Street Islamabad
1711-09-07,female,single,Islam,Pakistani,012340123401234,1420,9012 Street Lahore
1710-10-08,male,married,Islam,Pakistani,123451234512345,1421,1234 Street Karachi
1709-11-09,female,other,Islam,Pakistani,234562345623456,1422,5678 Street Islamabad
1708-12-10,male,single,Islam,Pakistani,345673456734567,1423,9012 Street Lahore
1707-01-11,female,married,Islam,Pakistani,456784567845678,1424,1234 Street Karachi
1706-02-12,male,other,Islam,Pakistani,567895678956789,1425,5678 Street Islamabad
1705-03-13,female,single,Islam,Pakistani,678906789067890,1426,9012 Street Lahore
1704-04-14,male,married,Islam,Pakistani,789017890178901,1427,1234 Street Karachi
1703-05-15,female,other,Islam,Pakistani,890128901289012,1428,5678 Street Islamabad
1702-06-16,male,single,Islam,Pakistani,901239012390123,1429,9012 Street Lahore
1701-07-17,female,married,Islam,Pakistani,012340123401234,1430,1234 Street Karachi
1700-08-18,male,other,Islam,Pakistani,123451234512345,1431,5678 Street Islamabad
1699-09-19,female,single,Islam,Pakistani,234562345623456,1432,9012 Street Lahore
1698-10-20,male,married,Islam,Pakistani,345673456734567,1433,1234 Street Karachi
1697-11-21,female,other,Islam,Pakistani,456784567845678,1434,5678 Street Islamabad
1696-12-22,male,single,Islam,Pakistani,567895678956789,1435,9012 Street Lahore
1695-01-23,female,married,Islam,Pakistani,678906789067890,1436,1234 Street Karachi
1694-02-24,male,other,Islam,Pakistani,789017890178901,1437,5678 Street Islamabad
1693-03-25,female,single,Islam,Pakistani,890128901289012,1438,9012 Street Lahore
1692-04-26,male,married,Islam,Pakistani,901239012390123,1439,1234 Street Karachi
1691-05-27,female,other,Islam,Pakistani,012340123401234,1440,5678 Street Islamabad
1690-06-28,male,single,Islam,Pakistani,123451234512345,1441,9012 Street Lahore
1689-07-29,female,married,Islam,Pakistani,234562345623456,1442,1234 Street Karachi
1688-08-30,male,other,Islam,Pakistani,345673456734567,1443,5678 Street Islamabad
1687-09-01,female,single,Islam,Pakistani,456784567845678,1444,9012 Street Lahore
1686-10-02,male,married,Islam,Pakistani,567895678956789,1445,1234 Street Karachi
1685-11-03,female,other,Islam,Pakistani,678906789067890,1446,5678 Street Islamabad
1684-12-04,male,single,Islam,Pakistani,789017890178901,1447,9012 Street Lahore
1683-01-05,female,married,Islam,Pakistani,890128901289012,1448,1234 Street Karachi
1682-02-06,male,other,Islam,Pakistani,901239012390123,1449,5678 Street Islamabad
1681-03-07,female,single,Islam,Pakistani,012340123401234,1450,9012 Street Lahore
1680-04-08,male,married,Islam,Pakistani,123451234512345,1451,1234 Street Karachi
1679-05-09,female,other,Islam,Pakistani,234562345623456,1452,5678 Street Islamabad
1678-06-10,male,single,Islam,Pakistani,345673456734567,1453,9012 Street Lahore
1677-07-11,female,married,Islam,Pakistani,456784567845678,1454,1234 Street Karachi
1676-08-12,male,other,Islam,Pakistani,567895678956789,1455,5678 Street Islamabad
1675-09-13,female,single,Islam,Pakistani,678906789067890,1456,9012 Street Lahore
1674-10-14,male,married,Islam,Pakistani,789017890178901,1457,1234 Street Karachi
1673-11-15,female,other,Islam,Pakistani,890128901289012,1458,5678 Street Islamabad
1672-12-16,male,single,Islam,Pakistani,901239012390123,1459,9012 Street Lahore
1671-01-17,female,married,Islam,Pakistani,012340123401234,1460,1234 Street Karachi
1670-02-18,male,other,Islam,Pakistani,123451234512345,1461,5678 Street Islamabad
1669-03-19,female,single,Islam,Pakistani,234562345623456,1462,9012 Street Lahore
1668-04-20,male,married,Islam,Pakistani,345673456734567,1463,1234 Street Karachi
1667-05-21,female,other,Islam,Pakistani,456784567845678,1464,5678 Street Islamabad
1666-06-22,male,single,Islam,Pakistani,567895678956789,1465,9012 Street Lahore
1665-07-23,female,married,Islam,Pakistani,678906789067890,1466,1234 Street Karachi
1664-08-24,male,other,Islam,Pakistani,789017890178901,1467,5678 Street Islamabad
1663-09-25,female,single,Islam,Pakistani,890128901289012,1468,9012 Street Lahore
1662-10-26,male,married,Islam,Pakistani,901239012390123,1469,1234 Street Karachi
1661-11-27,female,other,Islam,Pakistani,012340123401234,1470,5678 Street Islamabad
1660-12-28,male,single,Islam,Pakistani,123451234512345,1471,9012 Street Lahore
1659-01-29,female,married,Islam,Pakistani,234562345623456,1472,1234 Street Karachi
1658-02-30,male,other,Islam,Pakistani,345673456734567,1473,5678 Street Islamabad
1657-03-31,female,single,Islam,Pakistani,456784567845678,1474,9012 Street Lahore
1656-05-01,male,married,Islam,Pakistani,567895678956789,1475,1234 Street Karachi
1655-06-02,female,other,Islam,Pakistani,678906789067890,1476,5678 Street Islamabad
1654-07-03,male,single,Islam,Pakistani,789017890178901,1477,9012 Street Lahore
1653-08-04,female,married,Islam,Pakistani,890128901289012,1478,1234 Street Karachi
1652-09-05,male,other,Islam,Pakistani,901239012390123,1479,5678 Street Islamabad
1651-10-06,female,single,Islam,Pakistani,012340123401234,1480,9012 Street Lahore
1650-11-07,male,married,Islam,Pakistani,123451234512345,1481,1234 Street Karachi
1649-12-08,female,other,Islam,Pakistani,234562345623456,1482,5678 Street Islamabad
1648-01-09,male,single,Islam,Pakistani,345673456734567,1483,9012 Street Lahore
1647-02-10,female,married,Islam,Pakistani,456784567845678,1484,1234 Street Karachi
1646-03-11,male,other,Islam,Pakistani,567895678956789,1485,5678 Street Islamabad
1645-04-12,female,single,Islam,Pakistani,678906789067890,1486,9012 Street Lahore
1644-05-13,male,married,Islam,Pakistani,789017890178901,1487,1234 Street Karachi
1643-06-14,female,other,Islam,Pakistani,890128901289012,1488,5678 Street Islamabad
1642-07-15,male,single,Islam,Pakistani,901239012390123,1489,9012 Street Lahore
1641-08-16,female,married,Islam,Pakistani,012340123401234,1490,1234 Street Karachi
1640-09-17,male,other,Islam,Pakistani,123451234512345,1491,5678 Street Islamabad
1639-10-18,female,single,Islam,Pakistani,234562345623456,1492,9012 Street Lahore
1638-11-19,male,married,Islam,Pakistani,345673456734567,1493,1234 Street Karachi
1637-12-20,female,other,Islam,Pakistani,456784567845678,1494,5678 Street Islamabad
1636-01-21,male,single,Islam,Pakistani,567895678956789,1495,9012 Street Lahore
1635-02-22,female,married,Islam,Pakistani,678906789067890,1496,1234 Street Karachi
1634-03-23,male,other,Islam,Pakistani,789017890178901,1497,5678 Street Islamabad
1633-04-24,female,single,Islam,Pakistani,890128901289012,1498,9012 Street Lahore
1632-05-25,male,married,Islam,Pakistani,901239012390123,1499,1234 Street Karachi
1631-06-26,female,other,Islam,Pakistani,012340123401234,1500,5678 Street Islamabad
1630-07-27,male,single,Islam,Pakistani,123451234512345,1501,9012 Street Lahore
1629-08-28,female,married,Islam,Pakistani,234562345623456,1502,1234 Street Karachi
1628-09-29,male,other,Islam,Pakistani,345673456734567,1503,5678 Street Islamabad
1627-10-30,female,single,Islam,Pakistani,456784567845678,1504,9012 Street Lahore
1626-11-01,male,married,Islam,Pakistani,567895678956789,1505,1234 Street Karachi
1625-12-02,female,other,Islam,Pakistani,678906789067890,1506,5678 Street Islamabad
1624-01-03,male,single,Islam,Pakistani,789017890178901,1507,9012 Street Lahore
1623-02-04,female,married,Islam,Pakistani,890128901289012,1508,1234 Street Karachi
1622-03-05,male,other,Islam,Pakistani,901239012390123,1509,5678 Street Islamabad
1621-04-06,female,single,Islam,Pakistani,012340123401234,1510,9012 Street Lahore
1620-05-07,male,married,Islam,Pakistani,123451234512345,1511,1234 Street Karachi
1619-06-08,female,other,Islam,Pakistani,234562345623456,1512,5678 Street Islamabad
1618-07-09,male,single,Islam,Pakistani,345673456734567,1513,9012 Street Lahore
1617-08-10,female,married,Islam,Pakistani,456784567845678,1514,1234 Street Karachi
1616-09-11,male,other,Islam,Pakistani,567895678956789,1515,5678 Street Islamabad
1615-10-12,female,single,Islam,Pakistani,678906789067890,1516,9012 Street Lahore
1614-11-13,male,married,Islam,Pakistani,789017890178901,1517,1234 Street Karachi
1613-12-14,female,other,Islam,Pakistani,890128901289012,1518,5678 Street Islamabad
1612-01-15,male,single,Islam,Pakistani,901239012390123,1519,9012 Street Lahore
1611-02-16,female,married,Islam,Pakistani,012340123401234,1520,1234 Street Karachi
1610-03-17,male,other,Islam,Pakistani,123451234512345,1521,5678 Street Islamabad
1609-04-18,female,single,Islam,Pakistani,234562345623456,1522,9012 Street Lahore
1608-05-19,male,married,Islam,Pakistani,345673456734567,1523,1234 Street Karachi
1607-06-20,female,other,Islam,Pakistani,456784567845678,1524,5678 Street Islamabad
1606-07-21,male,single,Islam,Pakistani,567895678956789,1525,9012 Street Lahore
1605-08-22,female,married,Islam,Pakistani,678906789067890,1526,1234 Street Karachi
1604-09-23,male,other,Islam,Pakistani,789017890178901,1527,5678 Street Islamabad
1603-10-24,female,single,Islam,Pakistani,890128901289012,1528,9012 Street Lahore
1602-11-25,male,married,Islam,Pakistani,901239012390123,1529,1234 Street Karachi
1601-12-26,female,other,Islam,Pakistani,012340123401234,1530,5678 Street Islamabad
1600-01-27,male,single,Islam,Pakistani,123451234512345,1531,9012 Street Lahore
1599-02-28,female,married,Islam,Pakistani,234562345623456,1532,1234 Street Karachi
1598-04-01,male,other,Islam,Pakistani,345673456734567,1533,5678 Street Islamabad
1597-05-02,female,single,Islam,Pakistani,456784567845678,1534,9012 Street Lahore
1596-06-03,male,married,Islam,Pakistani,567895678956789,1535,1234 Street Karachi
1595-07-04,female,other,Islam,Pakistani,678906789067890,1536,5678 Street Islamabad
1594-08-05,male,single,Islam,Pakistani,789017890178901,1537,9012 Street Lahore
1593-09-06,female,married,Islam,Pakistani,890128901289012,1538,1234 Street Karachi
1592-10-07,male,other,Islam,Pakistani,901239012390123,1539,5678 Street Islamabad
1591-11-08,female,single,Islam,Pakistani,012340123401234,1540,9012 Street Lahore
1590-12-09,male,married,Islam,Pakistani,123451234512345,1541,1234 Street Karachi
1589-01-10,female,other,Islam,Pakistani,234562345623456,1542,5678 Street Islamabad
1588-02-11,male,single,Islam,Pakistani,345673456734567,1543,9012 Street Lahore
1587-03-12,female,married,Islam,Pakistani,456784567845678,1544,1234 Street Karachi
1586-04-13,male,other,Islam,Pakistani,567895678956789,1545,5678 Street Islamabad
1585-05-14,female,single,Islam,Pakistani,678906789067890,1546,9012 Street Lahore
1584-06-15,male,married,Islam,Pakistani,789017890178901,1547,1234 Street Karachi
1583-07-16,female,other,Islam,Pakistani,890128901289012,1548,5678 Street Islamabad
1582-08-17,male,single,Islam,Pakistani,901239012390123,1549,9012 Street Lahore
1581-09-18,female,married,Islam,Pakistani,012340123401234,1550,1234 Street Karachi
1580-10-19,male,other,Islam,Pakistani,123451234512345,1551,5678 Street Islamabad
1579-11-20,female,single,Islam,Pakistani,234562345623456,1552,9012 Street Lahore
1578-12-21,male,married,Islam,Pakistani,345673456734567,1553,1234 Street Karachi
1577-01-22,female,other,Islam,Pakistani,456784567845678,1554,5678 Street Islamabad
1576-02-23,male,single,Islam,Pakistani,567895678956789,1555,9012 Street Lahore
1575-03-24,female,married,Islam,Pakistani,678906789067890,1556,1234 Street Karachi
1574-04-25,male,other,Islam,Pakistani,789017890178901,1557,5678 Street Islamabad
1573-05-26,female,single,Islam,Pakistani,890128901289012,1558,9012 Street Lahore
1572-06-27,male,married,Islam,Pakistani,901239012390123,1559,1234 Street Karachi
1571-07-28,female,other,Islam,Pakistani,012340123401234,1560,5678 Street Islamabad
1570-08-29,male,single,Islam,Pakistani,123451234512345,1561,9012 Street Lahore
1569-09-30,female,married,Islam,Pakistani,234562345623456,1562,1234 Street Karachi
1568-11-01,male,other,Islam,Pakistani,345673456734567,1563,5678 Street Islamabad
1567-12-02,female,single,Islam,Pakistani,456784567845678,1564,9012 Street Lahore
1566-01-03,male,married,Islam,Pakistani,567895678956789,1565,1234 Street Karachi
1565-02-04,female,other,Islam,Pakistani,678906789067890,1566,5678 Street Islamabad
1564-03-05,male,single,Islam,Pakistani,789017890178901,1567,9012 Street Lahore
1563-04-06,female,married,Islam,Pakistani,890128901289012,1568,1234 Street Karachi
1562-05-07,male,other,Islam,Pakistani,901239012390123,1569,5678 Street Islamabad
1561-06-08,female,single,Islam,Pakistani,012340123401234,1570,9012 Street Lahore
1560-07-09,male,married,Islam,Pakistani,123451234512345,1571,1234 Street Karachi
1559-08-10,female,other,Islam,Pakistani,234562345623456,1572,5678 Street Islamabad
1558-09-11,male,single,Islam,Pakistani,345673456734567,1573,9012 Street Lahore
1557-10-12,female,married,Islam,Pakistani,456784567845678,1574,1234 Street Karachi
1556-11-13,male,other,Islam,Pakistani,567895678956789,1575,5678 Street Islamabad
1555-12-14,female,single,Islam,Pakistani,678906789067890,1576,9012 Street Lahore
1554-01-15,male,married,Islam,Pakistani,789017890178901,1577,1234 Street Karachi
1553-02-16,female,other,Islam,Pakistani,890128901289012,1578,5678 Street Islamabad
1552-03-17,male,single,Islam,Pakistani,901239012390123,1579,9012 Street Lahore
1551-04-18,female,married,Islam,Pakistani,012340123401234,1580,1234 Street Karachi
1550-05-19,male,other,Islam,Pakistani,123451234512345,1581,5678 Street Islamabad
1549-06-20,female,single,Islam,Pakistani,234562345623456,1582,9012 Street Lahore
1548-07-21,male,married,Islam,Pakistani,345673456734567,1583,1234 Street Karachi
1547-08-22,female,other,Islam,Pakistani,456784567845678,1584,5678 Street Islamabad
1546-09-23,male,single,Islam,Pakistani,567895678956789,1585,9012 Street Lahore
1545-10-24,female,married,Islam,Pakistani,678906789067890,1586,1234 Street Karachi
1544-11-25,male,other,Islam,Pakistani,789017890178901,1587,5678 Street Islamabad
1543-12-26,female,single,Islam,Pakistani,890128901289012,1588,9012 Street Lahore
1542-01-27,male,married,Islam,Pakistani,901239012390123,1589,1234 Street Karachi
1541-02-28,female,other,Islam,Pakistani,012340123401234,1590,5678 Street Islamabad
1540-03-29,male,single,Islam,Pakistani,123451234512345,1591,9012 Street Lahore
1539-04-30,female,married,Islam,Pakistani,234562345623456,1592,1234 Street Karachi
1538-06-01,male,other,Islam,Pakistani,345673456734567,1593,5678 Street Islamabad
1537-07-02,female,single,Islam,Pakistani,456784567845678,1594,9012 Street Lahore
1536-08-03,male,married,Islam,Pakistani,567895678956789,1595,1234 Street Karachi
1535-09-04,female,other,Islam,Pakistani,678906789067890,1596,5678 Street Islamabad
1534-10-05,male,single,Islam,Pakistani,789017890178901,1597,9012 Street Lahore
1533-11-06,female,married,Islam,Pakistani,890128901289012,1598,1234 Street Karachi
1532-12-07,male,other,Islam,Pakistani,901239012390123,1599,5678 Street Islamabad
1531-01-08,female,single,Islam,Pakistani,012340123401234,1600,9012 Street Lahore
1530-02-09,male,married,Islam,Pakistani,123451234512345,1601,1234 Street Karachi
1529-03-10,female,other,Islam,Pakistani,234562345623456,1602,5678 Street Islamabad
1528-04-11,male,single,Islam,Pakistani,345673456734567,1603,9012 Street Lahore
1527-05-12,female,married,Islam,Pakistani,456784567845678,1604,1234 Street Karachi
1526-06-13,male,other,Islam,Pakistani,567895678956789,1605,5678 Street Islamabad
1525-07-14,female,single,Islam,Pakistani,678906789067890,1606,9012 Street Lahore
1524-08-15,male,married,Islam,Pakistani,789017890178901,1607,1234 Street Karachi
1523-09-16,female,other,Islam,Pakistani,890128901289012,1608,5678 Street Islamabad
1522-10-17,male,single,Islam,Pakistani,901239012390123,1609,9012 Street Lahore
1521-11-18,female,married,Islam,Pakistani,012340123401234,1610,1234 Street Karachi
1520-12-19,male,other,Islam,Pakistani,123451234512345,1611,5678 Street Islamabad
1519-01-20,female,single,Islam,Pakistani,234562345623456,1612,9012 Street Lahore
1518-02-21,male,married,Islam,Pakistani,345673456734567,1613,1234 Street Karachi
1517-03-22,female,other,Islam,Pakistani,456784567845678,1614,5678 Street Islamabad
1516-04-23,male,single,Islam,Pakistani,567895678956789,1615,9012 Street Lahore
1515-05-24,female,married,Islam,Pakistani,678906789067890,1616,1234 Street Karachi
1514-06-25,male,other,Islam,Pakistani,789017890178901,1617,5678 Street Islamabad
1513-07-26,female,single,Islam,Pakistani,890128901289012,1618,9012 Street Lahore
1512-08-27,male,married,Islam,Pakistani,901239012390123,1619,1234 Street Karachi
1511-09-28,female,other,Islam,Pakistani,012340123401234,1620,5678 Street Islamabad
1510-10-29,male,single,Islam,Pakistani,123451234512345,1621,9012 Street Lahore
1509-11-30,female,married,Islam,Pakistani,234562345623456,1622,1234 Street Karachi
1508-01-31,male,other,Islam,Pakistani,345673456734567,1623,5678 Street Islamabad
1507-03-01,female,single,Islam,Pakistani,456784567845678,1624,9012 Street Lahore
1506-04-02,male,married,Islam,Pakistani,567895678956789,1625,1234 Street Karachi
1505-05-03,female,other,Islam,Pakistani,678906789067890,1626,5678 Street Islamabad
1504-06-04,male,single,Islam,Pakistani,789017890178901,1627,9012 Street Lahore
1503-07-05,female,married,Islam,Pakistani,890128901289012,1628,1234 Street Karachi
1502-08-06,male,other,Islam,Pakistani,901239012390123,1629,5678 Street Islamabad
1501-09-07,female,single,Islam,Pakistani,012340123401234,1630,9012 Street Lahore
1500-10-08,male,married,Islam,Pakistani,123451234512345,1631,1234 Street Karachi
1499-11-09,female,other,Islam,Pakistani,234562345623456,1632,5678 Street Islamabad
1498-12-10,male,single,Islam,Pakistani,345673456734567,1633,9012 Street Lahore
1497-01-11,female,married,Islam,Pakistani,456784567845678,1634,1234 Street Karachi
1496-02-12,male,other,Islam,Pakistani,567895678956789,1635,5678 Street Islamabad
1495-03-13,female,single,Islam,Pakistani,678906789067890,1636,9012 Street Lahore
1494-04-14,male,married,Islam,Pakistani,789017890178901,1637,1234 Street Karachi
1493-05-15,female,other,Islam,Pakistani,890128901289012,1638,5678 Street Islamabad
1492-06-16,male,single,Islam,Pakistani,901239012390123,1639,9012 Street Lahore
1491-07-17,female,married,Islam,Pakistani,012340123401234,1640,1234 Street Karachi
1490-08-18,male,other,Islam,Pakistani,123451234512345,1641,5678 Street Islamabad
1489-09-19,female,single,Islam,Pakistani,234562345623456,1642,9012 Street Lahore
1488-10-20,male,married,Islam,Pakistani,345673456734567,1643,1234 Street Karachi
1487-11-21,female,other,Islam,Pakistani,456784567845678,1644,5678 Street Islamabad
1486-12-22,male,single,Islam,Pakistani,567895678956789,1645,9012 Street Lahore
